id,type,name,brand,averageRating,manufacturerName,shortDescription,thumbnailUrl,price,currencyUnit
6K7V9SNN5AOX,Tablet Computers,"Restored Apple iPad Pro (12.9"") 5th Gen 128GB Space Gray Wi-Fi MHNF3LL/A (Latest Model) (Refurbished)",Apple,4.2,,"Further improving the&nbsp;12.9"" iPad Pro,&nbsp;Apple&nbsp;has added a few new advancements for upgraded performance, entertainment, and usability. Replacing the A12X processor, the A12Z Bionic has performance rivaling that of laptops available today, in addition to an eight-core graphics processor that handles everything from games to 4K video editing. Moreover, it's still paired with a Neural Engine chip for advanced machine learning.",https://i5.walmartimages.com/seo/Restored-Apple-iPad-Pro-12-9-5th-Gen-128GB-Space-Gray-Wi-Fi-MHNF3LL-A-Latest-Model-Refurbished_fc75a562-c0c2-468b-9e74-3e49d9aa1b85.ba1872fcf55df8fcb81e8e4a7788a3ef.jpeg,710.99,USD
3WNN995CV5J7,Tablet Computers,"Restored Apple iPad Pro 128GB, Wi-Fi + Cellular, Space Gray 12.9"" Tablet (Refurbished)",Apple,3.6,,"We aim to show you accurate product information.Â Manufacturers, suppliers and others provide what you see here, and we have not verified it.Â See our disclaimer",https://i5.walmartimages.com/seo/Restored-Apple-iPad-Pro-128GB-Wi-Fi-Cellular-Space-Gray-12-9-Tablet-Refurbished_6c891311-c81e-4e3f-94a1-f6c4249f6d53.b0a4f3c2600e6cedd6a82c85c71cca92.jpeg,335.59,USD
6SPH44U2IICO,Tablet Computers,"Apple iPad 7th Generation 10.2-inch (2019) WiFi Only, Space Gray 32GB (Scratch and Dent)",Apple,4.1,,"We aim to show you accurate product information. Manufacturers, suppliers and others provide what you see here, and we have not verified it. See our disclaimer",https://i5.walmartimages.com/seo/Apple-iPad-7th-Generation-10-2-inch-2019-WiFi-Only-Space-Gray-32GB-Scratch-and-Dent_12cc5001-95f1-4060-b5a6-e95d085e7d51.680d33d7370f447fadfc563dd747b7bb.jpeg,164.99,USD
6F5E88XJ8Z8L,Tablet Computers,"Restored Apple iPad Pro 12.9"" (2018, 3rd Gen.) 64GB Silver - Wi-Fi (Refurbished)",Apple,5,,"&lt;p&gt;This item is in good condition, showing signs of use from normal wear. It is backed by a 90 day warranty. It is fully functional and has been professionally refurbished, inspected and cleaned to good condition. This product has been determined fully functional by our industry leading 30+ point functionality inspection. UL approved power adapter and charging cable are included. This product will not come in its original packaging; Headphones, SIM card and manual will not be included.&lt;/p&gt;&lt;p&gt;The 12.9-inch iPad Pro blurs the line between laptop and tablet with its M1 processor and Magic Keyboard. The standout feature of this flagship tablet is its Liquid Retina XDR display with ProMotion and wide color. Apple promotes this top-of-the-line iPad as a proper laptop replacement.&lt;/P&gt;",https://i5.walmartimages.com/seo/Restored-Apple-iPad-Pro-12-9-2018-3rd-Gen-64GB-Silver-Wi-Fi-Refurbished_d55035d1-6258-4cfe-8659-7ae11c224735.270c7a78ee5d8f5c6f0fc46bd2e20a87.jpeg,499,USD
3XZB9Y0ESXFT,Tablet Computers,"Apple MacBook Pro Laptop, 13.3\"" Retina Display, Intel Core i5, 256GB SSD, Mac OS Sierra, MPXT2B/A. Pre-Owned: Like New",Apple,2.7,,"This Apple MacBook Pro (MPXQ2LL/A) has a high-resolution LED-backlit 13.3-inch widescreen Retina display (2560 x 1600 native resolution). Powered by Intel Core i5 (2.3GHz) and Intel Iris Plus Graphics 640. Solid State Drive capacity of 256GB with 8GB of RAM. Supports Mac OS. Bundle includes Black Case, Wireless Mouse, and Bluetooth Headset! This device has been tested to be in great working condition. It will show signs of use and cosmetic blemishes which may included some scratched/dings, all of which do not affect the usability of this device. (Refurbished)",https://i5.walmartimages.com/seo/Apple-MacBook-Pro-Laptop-13-3-Retina-Display-Intel-Core-i5-256GB-SSD-Mac-OS-Sierra-MPXT2B-A-Pre-Owned-Like-New_0d601515-cdc2-446b-8601-3335fd598e9a.eb504fb58b60df1c1c2fec40f1b88157.jpeg,421.95,USD
1SMNKSECBKSE,Tablet Computers,"Restored Apple iPad 5th Gen 128GB Wi-Fi, 9.7in - Space Gray (Refurbished)",Apple,4.2,,"<p>Apple updated their classic space gray 9.7"" iPad with an Apple A9 chip, which also has a M9 motion coprocessor. This 64-bit chip delivers performance that makes apps feel fast and fluid. Explore rich learning apps, play graphically intensive games, or even use two apps at once with iOS 10's multitasking features. The iPad features a 9.7"" Retina Display that has a 2048 x 1536 resolution, resulting in 264 ppi — over 3.1 million pixels. The display also has multi-touch support. At just one pound and 7.5mm thin, the iPad features an aluminum unibody construction that delivers a solid feel. There is also a front 1.2MP FaceTime HD camera and a rear 8MP camera that can record 1080p video. With support for 802.11ac Wi-Fi, the iPad can reach data transfer speeds of up to 866 Mbps.</p><ul><li>9.7-inch&nbsp;1536 x 2048&nbsp;LCD Display</li><li>Apple A9 Processor (Dual-Core, 1.85GHz)</li><li>2GB Memory</li><li>128GB Storage</li><li>Integrated Graphics</li><li>IEEE 802.11a/ac/b/g/n and Bluetooth 4.2</li><li>Lithium-Polymer Battery; 10HRS Battery Life</li><li>iOS 13 Operating System</li><li>9.4"" x 6.6"" x 0.24"" (HxWxD);&nbsp;1.1lbs</li><li>1080p Video recording, Front camera, Rear camera, Touch screen, Webcam, Accelerometer, Ambient Light Sensor, E-Compass, Gyroscope</li><li>Energy Star Compliant</li></ul>",https://i5.walmartimages.com/seo/Restored-Apple-iPad-5th-Gen-128GB-Wi-Fi-9-7in-Space-Gray-Refurbished_c78c8c7d-f196-42ac-b3cd-9dca83fcb87c_1.cb2d7ea3bd8826c8860fab5dfa82569f.jpeg,141.99,USD
3HQVO71GT1MB,Tablet Computers,Restored Apple iPad 9th Gen 64GB Space Gray WiFi (2021 Model) (Refurbished),Apple,5,,"Powerful. Easy to use. Versatile. The new iPad has a beautiful 10.2-inch Retina display, powerful A13 Bionic chip, an Ultra Wide front camera with Center Stage, and works with Apple Pencil and the Smart Keyboard. iPad lets you do more, more easily. All for an incredible value.",https://i5.walmartimages.com/seo/Restored-Apple-iPad-9th-Gen-64GB-Space-Gray-WiFi-2021-Model-Refurbished_97866522-97c6-433c-9d96-995928201292.bd33060cebad64bd1fcf1341cbd82c59.jpeg,249,USD
1O0TBE2DS5BJ,Tablet Computers,"Restored Apple iPad Pro 12.9"" 4th Gen Space Gray 256GB WiFi Only Tablet (Refurbished)",Apple,3.9,,WE DA BEST,https://i5.walmartimages.com/seo/Restored-Apple-iPad-Pro-12-9-4th-Gen-Space-Gray-256GB-WiFi-Only-Tablet-Refurbished_12666374-71e5-4f66-8485-3ce6cc6d060a.cf38d1f330ac779394b74d8f9e4b7acf.jpeg,699.95,USD
71DDH8NBWNPD,Tablet Computers,Restored Apple iPad 2 16GB Wi-Fi (Refurbished),Apple,3.4,,"<p><b>This iPad is limited by Apple and will not upgrade to the latest iOS and, therefore, some popular applications like Netflix and Facebook may not load for you. But don’t worry! We have a workaround solution to help you get most of these apps working on your iPad.Download the newest app from the App Store to a newer Apple device first (iPhone 8 or iPad 5 or higher) that is linked to your Apple ID account.</b></p><ul><li> If you have a friend, relative or access to any device with the latest iOS, log into the App Store with your ID and password, download the app, delete the app and then log out of the App Store. </li><li>If you have already downloaded the app in the past, then you can proceed to the next step.</li><li> Next, go back to your older Apple iPad (this iPad), sign into the App Store and click on “Purchased Apps” at the bottom. Make sure you sign into the App store with the same Apple ID as you used to download the apps previously.</li><li> Find your App in the Purchased area and click on the Cloud icon next to it. A small pop-up window will appear asking you “Do you want to download the latest compatible version?” Click “Download” and it will then download the older app version to your iPad.</li><li> You will then be able to use the app on your older Apple device. Finally, you can still access popular services by going to their website in Safari but note that you will not be able to use video streaming services without obtaining the app through the above instructions.</li></ul>",https://i5.walmartimages.com/seo/Restored-Apple-iPad-2-16GB-Wi-Fi-Refurbished_da1d8089-fde1-4979-8100-e1d2b48d9fae.d43a9b5fabd14fbea1a35933f0eb461b.jpeg,46.99,USD
71ETIF4LNGEG,Tablet Computers,"Restored Apple iPad Pro (11"") 2nd Gen 128GB Space Gray Wi-Fi MY232LL/A (Latest Model) (Refurbished)",Apple,4.2,,"*This item is REFURBISHED. Further improving the 11"" iPad Pro, Apple has added a few new advancements for upgraded performance, entertainment, and usability. Replacing the A12X processor, the A12Z Bionic has performance rivaling that of laptops available today, in addition to an eight-core graphics processor that handles everything from games to 4K video editing. Moreover, it's still paired with a Neural Engine chip for advanced machine learning.",https://i5.walmartimages.com/seo/Restored-Apple-iPad-Pro-11-2nd-Gen-128GB-Space-Gray-Wi-Fi-MY232LL-A-Latest-Model-Refurbished_c9fbafdd-bb48-4ecc-9914-4dd30cb4966d.2b128fc9b79db7f6affe92a51627058e.png,509.95,USD
0S8N53BWBKZR,Tablet Computers,"Restored Apple iPad 7th Gen 10.2"" Tablet 128GB WiFi, Space Gray (Refurbished)",Apple,4.6,,"Apple iPad 7th Gen 10.2"" Tablet 128GB WiFi,Â Space GrayÂ  (Certified Refurbished)",https://i5.walmartimages.com/seo/Restored-Apple-iPad-7th-Gen-10-2-Tablet-128GB-WiFi-Space-Gray-Refurbished_ca4d41f7-6b57-4dba-9139-1b78858e1a8b.4ca0ff9ba204dcac1826647410cf47dd.jpeg,198.97,USD
696T4ZHIHF8H,Tablet Computers,Apple iPad Pro Wi-Fi + Cellular 128GB - Silver - (6th Gen),Apple,4.4,,"iPad Pro. With astonishing performance, superfast wireless connectivity, and next-generation Apple Pencil experience. Plus, powerful new productivity and collaboration features in iPadOS 16. iPad Pro is the ultimate iPad experience.",https://i5.walmartimages.com/seo/Apple-iPad-Pro-Wi-Fi-Cellular-128GB-Silver-6th-Gen_ade30aad-770d-4a8a-bf19-446339584ee4.ed6323f06defbdca8738d7ec2a866fbe.jpeg,1279,USD
7AGDZ2WKK89S,Tablet Computers,"Open Box Apple iPad Pro 9.7-inch 32GB Wi-Fi +4G Unlocked Space Gray Bundle: Case, Pre-Installed Tempered Glass, Rapid Charger, Bluetooth/Wireless Airbuds By Certified 2 Day Express",Apple,3.8,,"This Apple iPad Pro comes in Space Gray. It has a 9.7-inch display with 1536 x 2048 pixel resolution (~264 pixels per inch). Powered by Apple A9X chipset, Dual-Core processor at a speed of 2.16GHz, and PowerVR Series 7 (12-Core graphics). Storage capacity of 32GB with 2GB of RAM for memory. The main camera is 12.0 megapixels. This device is also Wi-Fi +4G Unlocked. Bundle includes Case, Pre-Installed Tempered Glass, Rapid Charger, and Bluetooth/Wireless Airbuds By Certified 2 Day Express! This device has been tested to be in great working condition. It will show signs of use and cosmetic blemishes which may included some scratched/dings, all of which do not affect the usability of this device. (Refurbished)",https://i5.walmartimages.com/seo/Open-Box-Apple-iPad-Pro-9-7-inch-32GB-Wi-Fi-4G-Unlocked-Space-Gray-Bundle-Case-Pre-Installed-Tempered-Glass-Rapid-Charger-Bluetooth-Wireless-Airbuds_ae0b3d44-9eac-4773-b143-ce6331466edd.332e739a749b60b5e0f10b08eb97ad7f.jpeg,146,USD
23JOWQ2CA631,Tablet Computers,Refurbished Apple iPad 9th Gen 256GB Space Gray Wi-Fi MK2N3LL/A (Latest Model),Apple,4.2,,"<p>The Apple 10.2"" iPad features the Retina display with a 2160 x 1620 resolution for crisp details and vivid colors, making it an ideal companion for watching movies, creating content, and much more. The Retina Display also has True Tone technology, which adjusts the display to the color temperature of the room so it's more comfortable for viewing in any light. Apple upgraded the front camera to a 12MP Ultra-Wide camera. In addition to a huge boost in image quality and a wider 122° field of view, the iPad also features Center Stage. Center Stage automatically pans the camera to keep them in view. This is especially useful when other people join in because the camera detects them and smoothly zooms out to include them. Center Stage shines during video calls and it makes them feel more natural. It works in FaceTime, but also in other third-party video-calling apps. The A13 Bionic chip is more powerful than its predecessor, the A12 Bionic chip, and supports Neural Engine machine learning. Moreover, its Smart Connector offers Smart Keyboard support for comfortable typing, while its display is compatible with the 1st gen Apple Pencil, so users can write and draw. It's equipped with Wi-Fi 5 (802.11ac), Bluetooth 4.2, a Lightning connector, and a 3.5mm audio jack. This iPad is rated for up to 10 hours of use to keep you going throughout the day.</p>",https://i5.walmartimages.com/seo/Refurbished-Apple-iPad-9th-Gen-256GB-Space-Gray-Wi-Fi-MK2N3LL-A-Latest-Model_7f011036-b9fe-41fa-a034-630ee09c40c8.223ef5b846523de9f00acc7653753201.jpeg,349,USD
74LA35L5JADF,Tablet Computers,"Open Box Apple iPad 10.9"" (10th Gen) 64GB, WiFi Only - Pink",Apple,5,,"&lt;p&gt;This item is in like-new condition, backed by a 90 day warranty. It has been professionally refurbished, inspected and cleaned to excellent condition. This product has been determined fully functional by our industry leading 30+ point functionality inspection. UL approved power adapter and charging cable are included. This product will not come in its original packaging; Headphones, SIM card and manual will not be included.&lt;/p&gt;&lt;p&gt;Elevate your digital experience with the Apple iPad 10th Gen. This sleek and powerful tablet offers a stunning 10.9-inch Retina display, bringing your content to life with vibrant colors and sharp details. Powered by the A14 Bionic chip, the iPad 10th Gen delivers impressive performance for seamless multitasking, smooth app usage, and immersive gaming. With support for the Apple Pencil (1st Gen), you can take notes, sketch, and unleash your creativity effortlessly.&lt;/p&gt;",https://i5.walmartimages.com/seo/Open-Box-Apple-iPad-10-9-10th-Gen-64GB-WiFi-Only-Pink_262a139c-a61f-419d-8018-dfac41a86538.1f8c1a9036a892ad23ea607c5f465b28.jpeg,387,USD
25Q1UWWBIVKW,Tablet Computers,2022 Apple 10.9-inch iPad Wi-Fi + Cellular 64GB - Pink (10th Generation),Apple,,,"<p><strong>Loveable. Drawable. Magical</strong><br></p><p><strong> Colorful. Incredibly capable. Even more fun.</strong><br></p><p><strong> Meet the magical, colorful, all-new iPad </strong><br></p><p><strong> Unbelievably capable. Unmistakably iPad.</strong><br></p><p>Colorfully reimagined and more versatile than ever. With an all-screen design, 10.9-inch Liquid Retina display, and four gorgeous colors. iPad delivers a powerful way to create, stay connected, and get things done</p>",https://i5.walmartimages.com/seo/2022-Apple-10-9-inch-iPad-Wi-Fi-Cellular-64GB-Pink-10th-Generation_03ad83c0-4dd3-4fb5-b47f-1a3a57a72572.bc8c70e1d69fed01844f1de88b73fe04.jpeg,599,USD
37HLNIRTBRHP,Tablet Computers,Apple 11-in iPad Pro Wi-Fi 256GB - Space Gray - MNXF3LL/A (4th Gen),Apple,4.7,,"The M2 chip is the next generation of Apple silicon, with an 8-core CPU that delivers up to 15 percent faster performance and a 10-core GPU that provides up to 35 percent faster graphics performance.<b> </b>With a 40 percent faster Neural Engine to accelerate machine learning tasks and 50 percent more memory bandwidth, M2 brings astonishing performance and new capabilities to iPad Pro. So you can create photorealistic 3D designs, build intricate AR models, and play games with console-quality graphics at high frame rates faster than ever. All while enjoying all-day battery life.",https://i5.walmartimages.com/seo/Apple-11-in-iPad-Pro-Wi-Fi-256GB-Space-Gray-MNXF3LL-A-4th-Gen_c6a8109c-4877-4781-adc5-8d8d1309e38c.c0dd10b66d2637573ea0512371af4d6b.jpeg,879,USD
1QPGLUYTUBB2,Tablet Computers,"Restored Apple iPad 3 16GB Wi-Fi MC705LL/A , Black (Refurbished)",Apple,2.6,,"This iPad is limited by Apple and will not upgrade to the latest iOS and, therefore, some popular applications like Netflix and Facebook may not load for you. But don’t worry! We have a workaround solution to help you get most of these apps working on your iPad. Restored This refurbished Apple iPad is in excellent working and cosmetic condition and is ready for your immediate enjoyment. Sync with your iTunes account and have extensive access to the Apple App Store at your fingertips. This device is ready for your gaming, movie watching, surfing, emailing, note taking, picture taking or Face Timing anytime, anywhere. iPad has been completely refurbished and 100% tested to be fully functional. (Refurbished)",https://i5.walmartimages.com/seo/Restored-Apple-iPad-3-16GB-Wi-Fi-MC705LL-A-Black-Refurbished_4a191fd0-807c-401c-9f92-d38070df549d_1.543d729cfd981ac7a249167ac3cddfb8.jpeg,46.99,USD
6C5M0RZYY005,Tablet Computers,"Apple iPad 10.2"" 7th Generation Wi-Fi 32GB Space Gray Grade A-",Apple,4.2,,"Apple iPad 10.2"" 7th Generation Wi-Fi 32GB Space Gray Grade A-",https://i5.walmartimages.com/seo/Apple-iPad-10-2-7th-Generation-Wi-Fi-32GB-Space-Gray-Grade-A_2cafbcaf-334b-43e4-ad0c-1f7320f3bbec.b0e15dcabecc4e011815be06054e1cb8.jpeg,174,USD
70MTZO6KCVQA,Tablet Computers,"Used Apple iPad 6th Gen 32GB Wi-Fi, 9.7in - Space Gray",Apple,4.1,,This iPad has been certified by our industry-leading mobile diagnostic software to be 100% fully functional. It is in good condition showing normal signs of use on the screen along with scratching and/or dings on the sides and back casing. Premium aftermarket wall charger and USB cable are included. Original packaging is not included.,https://i5.walmartimages.com/seo/Used-Apple-iPad-6th-Gen-32GB-Wi-Fi-9-7in-Space-Gray_716aefbf-e337-4fca-b514-d9392586d43b.2a4744208762b955dc5934152945815a.png,118.99,USD
7JLZJFNCV0LD,Tablet Computers,Restored Apple iPad 10th Gen 64GB Silver WiFi MPQ03LL/A (Refurbished),Apple,4.6,,"This item is REFURBISHEDColorfully reimagined and more versatile than ever. With an all-screen design,10.9-inch Liquid Retina display, and four gorgeous colors. iPad delivers a powerful way to create, stay connected, and get things done.",https://i5.walmartimages.com/seo/Restored-Apple-iPad-10th-Gen-64GB-Silver-WiFi-MPQ03LL-A-Refurbished_47f56bd8-4c98-4c91-803e-f8d651b99cf0.0b98f88ba6e3228a485cc78449c0d4c5.jpeg,389.99,USD
4YA1AYDECSK3,Tablet Computers,"Restored Apple iPad Pro (10.5"") 64GB Space Gray Wi-Fi MQDT2LL/A (Refurbished)",Apple,4.2,,"*This item is REFURBISHED. With the introduction of the 10.5"" iPad Pro,Appleprovides users with 64GB of storage and a 10.5"" IPS Retina display that is 20% larger than their 9.7"" model, while reducing its border size by nearly 40%. The result is a tablet that weighs just over 1 lb and also features a 12-core GPU, a screen resolution of 2224 x 1668, 264 pixels per inch (ppi), a refresh rate of 120 Hz, a brightness of 600 cd/m2, support for the P3 color gamut, 20 ms latency, and an anti-reflective coating with 1.8% reflectivity. All of this helps to deliver high resolution videos and photos with vivid colors, deep blacks, greater contrast, and more uniform brightness.",https://i5.walmartimages.com/seo/Restored-Apple-iPad-Pro-10-5-64GB-Space-Gray-Wi-Fi-MQDT2LL-A-Refurbished_e224b5d7-7deb-436e-82d4-106bdb6d6adc.44fdba6300cc97add6da7e2c605c7a45.jpeg,249,USD
4TYROIXIDYBT,Tablet Computers,"Restored Apple iPad 10.2"" 128GB Space Gray (2019) (Refurbished)",Apple,4.2,,"Delightfully capable. Surprisingly affordable. The new iPad combines tremendous capability with unmatched ease of use and versatility. With the powerful A12 Bionic chip, support for Apple Pencil and the Smart Keyboard, and the amazing new things you can do with iPadOS 14, now there’s even more to love about iPad. 10.2-inch Retina display With incredible detail and vivid colors, the gorgeous Retina display is perfect for watching a movie, working on a project, and drawing your next masterpiece. A12 Bionic chip A12 Bionic delivers incredible performance for things like photo editing and graphic-intensive games, and the second?generation Neural Engine enables powerful features like handwriting recognition in Notes. iPadOS iPadOS dramatically enhances the note-taking experience on iPad. Apps are more streamlined and new compact designs for Siri, search and calls make iPad even more capable and simple to use. Augmented reality The powerful A12 Bionic chip combined with advanced sensors and cameras makes for incredible AR experiences on iPad. The large Retina display invites you into immersive AR environments that can transform the way you play, shop, and learn. Front and back cameras The built-in FaceTime HD camera and 8MP back camera allow you to snap amazing photos, shoot epic videos, scan documents, make FaceTime calls, and experience AR. Thin, light, and durable design iPad is built to be durable so you have peace of mind knowing you can take it anywhere you go. And now the enclosure is made from 100 percent recycled aluminum.",https://i5.walmartimages.com/seo/Restored-Apple-iPad-10-2-128GB-Space-Gray-2019-Refurbished_73335089-6c92-4802-be2c-8e50d90f0936.6805d4c10228a7efe61ca787bcaf1936.jpeg,198.97,USD
2Z4RIM1L5ZV7,Tablet Computers,"Restored Apple iPad 6 9.7"" 32GB Space Gray (Wifi) with Kids Bundle JBL Wired Headphones, Shock Proof Case, & Screen Protector (Refurbished)",Apple,3.7,,"This Apple iPad 6 has been professionally restored to working order by an approved vendor. Manufacturer Refurbished Grade B Fully Functional in Excellent Working Condition. 8/10 Cosmetic Rating. Fully Unlocked compatible with all carriers. Internally, the iPad 6 is powered by a 64-bit 2.34 GHz ""Apple A10 Fusion"" processor with four cores. It has 2 GB of RAM, 32GB of flash storage. Bundle includes JBL Wired Headphones, Shock Proof Case, &amp; Screen Protector.",https://i5.walmartimages.com/seo/Restored-Apple-iPad-6-9-7-32GB-Space-Gray-Wifi-with-Kids-Bundle-JBL-Wired-Headphones-Shock-Proof-Case-Screen-Protector-Refurbished_e78cfe45-6bd8-45aa-a8ed-6ff044b8c32a.84159e4cbfa4e2923a810cf7641c01ef.jpeg,169.99,USD
67HA5QTA0U08,Tablet Computers,"Restored Apple iPad Pro 10.5-inch Wi-Fi Only 64GB Bundle: Case, Pre-Installed Tempered Glass, Rapid Charger, Bluetooth/Wireless Airbuds By Certified 2 Day Express (Refurbished)",Apple,4,,"This Apple iPad Pro has an 10.5-inch display with 1668 x 2224 pixel resolution (~264 pixels per inch). Powered by Apple A10X Fusion chipset. Storage capacity of 64GB with 4GB of RAM for memory. The main camera is 12.0 megapixels. This device is also Wi-Fi Only. Bundle includes Case, Pre-Installed Tempered Glass, Rapid Charger, and Bluetooth/Wireless Airbuds By Certified 2 Day Express! This device has been tested to be in great working condition. It will show signs of use and cosmetic blemishes which may included some scratched/dings, all of which do not affect the usability of this device. (Refurbished)",https://i5.walmartimages.com/seo/Restored-Apple-iPad-Pro-10-5-inch-Wi-Fi-Only-64GB-Bundle-Case-Pre-Installed-Tempered-Glass-Rapid-Charger-Bluetooth-Wireless-Airbuds-By-Certified-2-Da_8dfdf6b9-e02f-454f-ac24-69c4c5829102.a01ea31ab9a49892c0b0a5c290d42fb4.jpeg,219,USD
30Z7EZ2L7KMU,Tablet Computers,"Restored Apple iPad 2 16GB 9.7"" Touchscreen Wi-Fi Tablet - Black - MC769LLA (Refurbished)",Apple,2.4,,"<p>The all-new thinner and lighter design make the Apple iPad 2, 16GB with Wi-Fi even more comfortable to hold. It's even more powerful with the dual-core A5 chip, yet has the same 10 hours of life. With two cameras, you can make FaceTime video calls, record HD video, and put a twist on your snapshots in Photo Booth. The iPad 2 was proclaimed to be the start of a ""post PC"" era. The iPad 2 is a tablet computer designed for ""browsing the web, reading and sending emails, enjoying photos, watching videos, listening to music, playing games, reading e-books, and much more! "" It is equipped with a 9.7"" (1024x768, 132 PPI) multitouch ""glossy"" LED-Backlit IPS display and runs a version of the same iOS operating system that powers the iPhone and iPod, touch models. As a result, it is compatible with thousands of iPad-specific apps as well as most apps for the iPhone/iPod touch, but not MAC OS X apps. The iPad 2 is powered by a custom-design 1 GHz dual-core Apple A5 ""system on a chip"", has front and rear-mounted cameras, 802.11 a/b/g/n Wi-Fi, an accelerometer, a three-axis gyroscope, an ambient light sensor, digital compass, a speaker, and a built-in mic packed in a 0.34 inch thick, 1.34-pound glass and aluminum case with a black or white front and an aluminum back. Compared to the original iPad, major differences for the iPad 2 models include a thinner, lighter case design, faster processors, system-wide mirroring support, and the aforementioned cameras.</p>",https://i5.walmartimages.com/seo/Restored-Apple-iPad-2-16GB-9-7-Touchscreen-Wi-Fi-Tablet-Black-MC769LLA-Refurbished_1748bee4-fc43-4eb4-8d3b-ed0a5bf34f51.95e501ba4ec2e40ded0c260e62381e65.jpeg,48,USD
1W0311P43S25,Tablet Computers,Restored Apple iPad 6th Gen - 32GB - Space Gray - Wifi (Refurbished),Apple,4.7,,Apple iPad 6th Gen - 32GB - Space Gray - Wifi - Refurbished,https://i5.walmartimages.com/seo/Restored-Apple-iPad-6th-Gen-32GB-Space-Gray-Wifi-Refurbished_ea549814-308f-4a17-a937-935d12bc78ba.58c5e5cf922c2eb4fb35b54a74808256.jpeg,117,USD
4RLC7ZAZSQ06,Tablet Computers,"Restored Apple iPad 2 Wi-Fi 16GB 9.7"" LCD Bluetooth Tablet - MC769LL/A 2nd Gen (Refurbished)",Apple,2.6,,"<p>Introducing an iPad that's Thinner, Lighter, and Full of Great Ideas. It's 33% thinner and up to 15% lighter, so it feels even more comfortable in your hands. Even the iPad Smart Cover (sold separately) doesn't add bulk to its thin, light design. Superfast Dual-core A5 Chip and Graphics with the Same Battery Life Two powerful cores in one A5 chip mean iPad can do twice the work at once. With up to nine times the graphics performance, gameplay on iPad is even smoother and more realistic. Even with that, iPad has the same amazing 10-hour battery life. The power-efficient A5 chip and iOS keep battery life from fading away, so you can get carried away. Featuring an amazing LED-backlit IPS Display - The iPad is one big, beautiful display - 9.7 inches of high-resolution photos, movies, web pages, books, and more. LED backlighting makes everything you see remarkably crisp, vivid, and bright. It's designed to show off everything in portrait and landscape, so with every turn (even upside down), the display adjusts to fit. Because it uses a display technology called IPS (in-plane switching), it has a wide, 178 Degree viewing angle. Hold it up to someone across the room, or share it with someone sitting next to you, and everyone gets a brilliant view.</p>",https://i5.walmartimages.com/seo/Restored-Apple-iPad-2-Wi-Fi-16GB-9-7-LCD-Bluetooth-Tablet-MC769LL-A-2nd-Gen-Refurbished_f5e17c36-7d49-4a4b-bd9d-e1d731891ff9.2e42a4d9ec6c38e39e6bb890f8bd9740.jpeg,46.99,USD
73522RZX5WF5,Tablet Computers,Restored Apple iPad Air 16GB Wi-Fi (Refurbished),Apple,3.6,,"iPad Air is 20 percent thinner 1 and weighs just one pound, so it feels unbelievably light in your hand. It comes with a 9.7"" Retina display, the A7 chip with 64-bit architecture, ultrafast wireless, powerful apps, and up to 10 hours of battery life. 2 And over 475,000 apps in the App Store are just a tap away. 3",https://i5.walmartimages.com/seo/Restored-Apple-iPad-Air-16GB-Wi-Fi-Refurbished_6f4e57e5-f8d3-49de-bf16-90a6c968ad8b.3b0f5f3e71a97d2b5e76f2ed80ec1913.jpeg,83.67,USD
3ALUHN6C4F40,Tablet Computers,Restored Apple iPad Mini 16GB Wi-Fi (Refurbished),Apple,2.3,,"This item is Used. The Apple iPad mini with Wi-Fi gives you all the features of an iPad but in a slightly smaller form. With a 7.9-inch LED-backlit display and an A5 chip, the iPad mini delivers a beautiful screen with fast and fluid performance. Featuring a 5MP iSight camera with 1080p HD video recording and FaceTime, you can snap pictures, take video and talk to loved ones on a platform that fits in the palm of your hand. The Apple iPad mini with Wi-Fi has ultrafast wireless that gives you access to high-speed cellular data networks around the world. With up to 10 hours of battery life, the Apple iPad mini gives you the freedom to work anywhere, anytime. The Apple iPad mini even offers you all the amazing apps (over 275,000 apps on the App Store) that are made for the iPad. So it's an iPad in every way and shape, in a slightly smaller form.",https://i5.walmartimages.com/seo/Restored-Apple-iPad-Mini-16GB-Wi-Fi-Refurbished_97bc0136-b921-4c25-a247-20f7e910c421.f75cd9854dc4e0d0cdc8affbddfffa99.jpeg,59.99,USD
370TNM0HSHHL,Tablet Computers,"Restored Apple iPad 5th Gen 32GB Wifi + Cellular Unlocked, 9.7in - Space Gray (Refurbished)",Apple,4.1,,"<div style=""box-sizing: border-box; margin-top: 8px; padding-left: 0px; font-family: BogleWeb, &quot;Helvetica Neue&quot;, Helvetica, Arial, sans-serif; font-size: 14px;"" class=""about-desc about-product-description xs-margin-top"">This iPad has been certified by our industry-leading mobile diagnostic software to be 100% fully functional. It is in GOOD condition showing normal signs of use on the screen along with scratching and/or dings on the sides and back casing. Premium aftermarket wall charger and USB cable are included. Original packaging is NOT included.Refurbished Apple iPad 5th Gen 32GB Wifi + Cellular Unlocked, 9.7in - Space Gray</div><span style=""box-sizing: border-box; font-family: BogleWeb, &quot;Helvetica Neue&quot;, Helvetica, Arial, sans-serif; font-size: 0px;""></span><section style=""box-sizing: border-box; border-top: 1px solid rgb(230, 231, 232); border-bottom: 1px solid rgb(230, 231, 232); padding-bottom: 16px; margin-top: 16px; font-family: BogleWeb, &quot;Helvetica Neue&quot;, Helvetica, Arial, sans-serif; font-size: 14px;"" class=""AboutProduct AboutHealth Warnings""><h3 style=""box-sizing: border-box; font-size: 0.875rem; letter-spacing: -0.02em; margin: 9px 0px; text-transform: uppercase;"" class=""font-bold moduleHeading""><span style=""box-sizing: border-box; position: relative; top: -2px; height: 16px; width: 16px; display: inline-block; vertical-align: middle; margin-right: 11px; background-repeat: no-repeat; background-position: 50% center; background-image: url(&quot;//i5.walmartimages.com/dfw/63fd9f59-7325/957d99cd-f0f6-483c-b16f-376cd3b1aa10/v1/warning-icon-18.svg&quot;);"" class=""warning-icon""></span></h3></section>",https://i5.walmartimages.com/seo/Restored-Apple-iPad-5th-Gen-32GB-Wifi-Cellular-Unlocked-9-7in-Space-Gray-Refurbished_c78c8c7d-f196-42ac-b3cd-9dca83fcb87c_1.cb2d7ea3bd8826c8860fab5dfa82569f.jpeg,129,USD
5UH2R1JWY6RQ,Tablet Computers,Apple iPad 7th Generation 10.2in 128GB Storage Space Gray Tablet (WiFi Only) Used Grade A,Apple,4.4,,"Apple iPad 7 7th Generation 10.2"" 128GB Space Gray Tablet (WiFi only) Used Grade A . This item is fully functional. It is in MINT cosmetic condition and contains extremely minor wear or none at all (Grade: 9/10 or better). Wall charger and data cable are included. No other items, such as the original box or user manual are included.",https://i5.walmartimages.com/seo/Apple-iPad-7th-Generation-10-2in-128GB-Storage-Space-Gray-Tablet-WiFi-Only-Used-Grade-A_f71fb50f-d465-49bc-96f6-455ea383fad3.264362a576549630525b193e5b1f0634.jpeg,180,USD
1NUOGSCQ92PA,Tablet Computers,Restored Apple iPad 4 16GB Retina Display Wi-Fi White MD513LL/A (Refurbished),Apple,2.9,,"16GB built-in memory for storing photos, songs, files, etc.9.7-inch multi-touch screen w/&nbsp;Retina display delivers razor-sharp images&nbsp;Dual-core Apple A6X processor with quad-core graphics1GB DDR2 of system memory10 hour battery life with rechargeable Li-Polymer batteryBuilt-in 802.11a/b/g/n WiFi and Bluetooth v4.0Front-facing 1.2MP camera for FaceTime and rear-facing 5.0MP iSight camera",https://i5.walmartimages.com/seo/Restored-Apple-iPad-4-16GB-Retina-Display-Wi-Fi-White-MD513LL-A-Refurbished_647c61cd-cd89-4998-8aa0-1028b0bcda91.fa5163380ed2d71b9509c95d8367bea5.jpeg,60,USD
4IG6G66HGW61,Tablet Computers,"Restored Apple iPad Pro (12.9"") 5th Gen 128GB Space Gray Wi-Fi 3H901LL/A (Latest Model) (Refurbished)",Apple,4,,"iPad Pro features the powerful Apple M1 chip for next-level performance and all-day battery life. An immersive 12.9-inch Liquid Retina XDR display for viewing and editing HDR photos and videos. And a front camera with Center Stage keeps you in frame automatically during video calls. iPad Pro has pro cameras and a LiDAR Scanner for stunning photos, videos, and immersive AR. Thunderbolt for connecting to high-performance accessories. And you can add Apple Pencil for note-taking, drawing, and marking up documents, and the Magic Keyboard for a responsive typing experience and trackpad.",https://i5.walmartimages.com/seo/Restored-Apple-iPad-Pro-12-9-5th-Gen-128GB-Space-Gray-Wi-Fi-3H901LL-A-Latest-Model-Refurbished_98f04299-fffa-40e7-8eb1-9f591b47a217.85cecf8efe62bc67871663db53c86c98.jpeg,749.95,USD
66A2TFM7624O,Tablet Computers,"Restored Apple iPad 7 (7th Gen) 32GB Wi-Fi, 10.2"" - Space Gray (2019) (Refurbished)",Apple,3.7,,This iPad has been certified by our industry-leading mobile diagnostic software to be 100% fully functional. It is in good condition showing normal signs of use on the screen along with scratching and/or dings on the sides and back casing. Premium aftermarket wall charger and USB cable are included. Original packaging is NOT included.,https://i5.walmartimages.com/seo/Restored-Apple-iPad-7-7th-Gen-32GB-Wi-Fi-10-2-Space-Gray-2019-Refurbished_93367c02-3cea-4872-9c65-8c1cb80ae05e.395e8265b795ecc5af1b0bef9b57e787.jpeg,150.82,USD
7AYLXBM1J10G,Tablet Computers,"Restored Apple iPad Pro (12.9"") 6th Gen 128GB Space Gray Wi-Fi MNXP3LL/A (Refurbished)",Apple,5,,"This item is REFURBISHEDiPad Pro. With astonishing performance, superfast wireless connectivity, and next-generation Apple Pencil experience. Plus, powerful new productivity and collaboration features in iPadOS 16. iPad Pro is the ultimate iPad experience.",https://i5.walmartimages.com/seo/Restored-Apple-iPad-Pro-12-9-6th-Gen-128GB-Space-Gray-Wi-Fi-MNXP3LL-A-Refurbished_45db05ec-c9da-45c7-ade9-5bdf9d1d43ef.cb22e71c5d0a7e2f94b2dda4d1335059.jpeg,874.88,USD
4VHN3QBE0IJ9,Tablet Computers,Restored Apple iPad 10th Gen 256GB Blue Wi-Fi MPQ93LL/A (Refurbished),Apple,3.9,,"&lt;p&gt;This item is in good condition, showing signs of use from normal wear. It is backed by a 90 day warranty. It is fully functional and has been professionally refurbished, inspected and cleaned to good condition. This product has been determined fully functional by our industry leading 30+ point functionality inspection. UL approved power adapter and charging cable are included. This product will not come in its original packaging; Headphones, SIM card and manual will not be included.&lt;/p&gt;&lt;p&gt;Elevate your digital experience with the Apple iPad 10th Gen. This sleek and powerful tablet offers a stunning 10.9-inch Retina display, bringing your content to life with vibrant colors and sharp details. Powered by the A14 Bionic chip, the iPad 10th Gen delivers impressive performance for seamless multitasking, smooth app usage, and immersive gaming. With support for the Apple Pencil (1st Gen), you can take notes, sketch, and unleash your creativity effortlessly.&lt;/p&gt;",https://i5.walmartimages.com/seo/Restored-Apple-iPad-10th-Gen-256GB-Blue-Wi-Fi-MPQ93LL-A-Refurbished_c739c146-04d1-44e0-a346-fd1bc0406467.b2e8f49fa1407eea00720590c834b0da.jpeg,449,USD
3JY88AQI6L36,Tablet Computers,Pre-Owned Apple iPad 6 32GB Space Gray (WiFi) (Refurbished: Good),Apple,4.4,,Item is in perfect condition with no wear. We consider this device to look brand new. 90-Day Warranty. This device has been tested for Key Functions and is R2 Ready for Reuse.,https://i5.walmartimages.com/seo/Apple-iPad-6-32GB-Space-Gray-WiFi-Used-A_627968de-ba56-48ac-90b1-8c42a9ce0849.0d4432e92e1a4ee47b9defe30168a8bf.jpeg,139,USD
233M7T8D3U7S,Tablet Computers,"Restored Apple iPad Pro 12.9"" 4th Gen Space Gray 128GB WiFi Only Tablet (Refurbished)",Apple,,,"The Apple 12.9-inch iPad Pro features an immersive edge-to-edge Liquid Retina display. The new pro cameras, Wide and new Ultra Wide, combined with the all-new LiDAR Scanner enable entirely new experiences in the next-generation of augmented reality (AR) apps. The A12Z Bionic chip is essential for powering apps and tackling complex tasks such as editing photos, creating 3D models and more. With ""Pro"" in its name, the iPad now features 5 studio-quality microphones that capture clean audio and the quietest details. Tablet is in Excellent Condition and 100% Fully Functional. This item will not be in the original packaging and includes a Brand New Non OEM MFi certified power cable and UL approved power adapter. 60 Days Seller Warranty included. Device may show some light scuffs or light scratches from handling.",https://i5.walmartimages.com/seo/Restored-Apple-iPad-Pro-12-9-4th-Gen-Space-Gray-128GB-WiFi-Only-Tablet-Refurbished_048d0603-30ee-48b2-948f-18f3750645b4.4a14db0f078572e8b37f6e594b4a0443.jpeg,674.99,USD
1L6TLU3POQIN,Tablet Computers,"Open Box | Apple iPad Pro | 10.5-inch | 512GB | Wi-Fi Only | Bundle: Pre-Installed Tempered Glass, Case, Charger, Wireless/Bluetooth Airbuds By Certified 2 Day Express",Apple,4.7,,"This Apple iPad Pro has an 10.5-inch display with 1668 x 2224 pixel resolution (~264 pixels per inch). Powered by Apple A10X Fusion chipset. Storage capacity of 512GB with 4GB of RAM for memory. The main camera is 12.0 megapixels. This device is also Wi-Fi Only. Bundle includes Case, Pre-Installed Tempered Glass, Wireless Bluetooth Airbuds, and Rapid Charger! This device has been tested to be in great working condition. It will show signs of use and cosmetic blemishes which may included some scratched/dings, all of which do not affect the usability of this device.",https://i5.walmartimages.com/seo/Open-Box-Apple-iPad-Pro-10-5-inch-512GB-Wi-Fi-Only-Bundle-Pre-Installed-Tempered-Glass-Case-Charger-Wireless-Bluetooth-Airbuds-By-Certified-2-Day-Exp_8dfdf6b9-e02f-454f-ac24-69c4c5829102.a01ea31ab9a49892c0b0a5c290d42fb4.jpeg,299,USD
5EH08OF42J9X,Tablet Computers,"Restored Apple iPad Pro (4th Gen) 256GB Wi-Fi Cellular Unlocked LTE 12.9"" Space Gray 2020 (Refurbished)",Apple,4,,This iPad has been certified by our industry-leading mobile diagnostic software to be 100% fully functional. It is in very good condition showing only minor signs of use. Premium aftermarket wall charger and USB cable are included. Original packaging is NOT included.,https://i5.walmartimages.com/seo/Restored-Apple-iPad-Pro-4th-Gen-256GB-Wi-Fi-Cellular-Unlocked-LTE-12-9-Space-Gray-2020-Refurbished_fcd728a6-324b-43bf-bb57-70172ca0ce2e.775d936aef44286c8204b5cd2d0401a5.jpeg,629.95,USD
1YCYBDKA1LCK,Tablet Computers,"Restored Apple 9.7-inch Retina iPad 6 Wi-Fi Only 32GB Bundle: Case, Pre-Installed Tempered Glass, Charger, Bluetooth/Wireless Airbuds By Certified 2 Day Express (Refurbished)",Apple,3.7,,"<p>This Apple iPad 6 comes in Space Gray, Silver, or Gold. It has a 9.7-inch display with 1536 x 2048 pixel resolution (~264 pixels per inch). Powered by Apple A10 Fusion chipset, Quad-Core processor at a speed of 2.34GHz, and PowerVR Series7XT Plus (Six-Core graphics). Storage capacity of 32GB with 2GB of RAM for memory. The main camera is 8.0 megapixels. This device is also Wi-Fi Only. Bundle includes Case, Pre-Installed Tempered Glass, Rapid Charger, and Bluetooth/Wireless Airbuds By Certified 2 Day Express! This device has been tested to be in great working condition. It will show signs of use and cosmetic blemishes which may include some scratched/dings, all of which do not affect the usability of this device.</p>",https://i5.walmartimages.com/seo/Restored-Apple-9-7-inch-Retina-iPad-6-Wi-Fi-Only-32GB-Bundle-Case-Pre-Installed-Tempered-Glass-Charger-Bluetooth-Wireless-Airbuds-By-Certified-2-Day_8ac919e3-b02f-4cc4-abb5-710485ab25d1.68b40ea6979c57143dbb1b63033107e3.jpeg,166,USD
7FTGS7BTBP7M,Tablet Computers,Refurbished Apple iPad Pro 12.9” (3rd Generation) Wi-Fi Only Tablet,Apple,3.7,,"This Apple iPad Pro 3rd Generation comes in Space Gray. It has a 12.9-inch display with 2732 x 2048 pixel resolution (~265 pixels per inch). Powered by Apple A12X Bionic chipset, Octa-Core (4x2.5GHz Vortex + 4x1.6GHz Tempest, and Apple GPU (7-core graphics). Storage capacity of 64GB with 4GB of RAM for memory. The main camera is 12.0 megapixels. This device is also Wi-Fi Only. This device has been tested to be in great working condition. It will show signs of use and cosmetic blemishes which may included some scratched/dings, all of which do not affect the usability of this device.",https://i5.walmartimages.com/seo/Refurbished-Apple-iPad-Pro-12-9-3rd-Generation-Wi-Fi-Only-Tablet_c6473081-93bd-4070-a54a-1b5da52b5d15.3383281f7854240d7998964e497d7d85.jpeg,475.48,USD
76DVKZ8580IW,Tablet Computers,"Restored Apple 12.9"" iPad Pro M2 Chip (Late 2022) 128GB Wi-Fi + 5G LTE - Space Gray (Refurbished)",Apple,,,"Key Features • 12.9"" Liquid Retina XDR Touchscreen • 2732 x 2048 Screen Resolution (264 ppi) • Apple M2 8-Core CPU • 128GB Storage | 8GB RAM • 5G LTE | Wi-Fi 6E | Bluetooth 5.3 • Front 12MP Ultra Wide Camera • Rear 12MP & 10MP Cameras • 40 Gb/s Thunderbolt Connectivity • Supports Apple Pencil (2nd Gen) • iPadOS",https://i5.walmartimages.com/seo/Restored-Apple-12-9-iPad-Pro-M2-Chip-Late-2022-128GB-Wi-Fi-5G-LTE-Space-Gray-Refurbished_3baa2c36-f12e-45ea-9a37-aa30906b5943.2aec9d484ef7237c0db4d946f6320716.jpeg,875,USD
7DD98SLHNSPU,Tablet Computers,"Restored Apple iPad Pro (11in, WiFi, 256GB) Space Gray (2nd Gen, 2020) (Refurbished)",Apple,5,,"Further improving the&nbsp;11"" iPad Pro, Apple&nbsp;has added a few new advancements for upgraded performance, entertainment, and usability. Replacing the A12X processor, the A12Z Bionic has performance rivaling that of laptops available today, in addition to an eight-core graphics processor that handles everything from games to 4K video editing. Moreover, it's still paired with a Neural Engine chip for advanced machine learning. The iPad Pro's display features the same Liquid Retina technology found on iPhones, and has a 2388 x 1668 resolution, ProMotion technology, wide color and True Tone support, as well as a 600 cd/m2 brightness rating. On the rear, Apple has added a 10MP ultra-wide camera, enabling different perspectives and multi-camera use. A newly added LiDAR scanner, which determines distance by determining light reflection, further readies possibilities for augmented reality and beyond.",https://i5.walmartimages.com/seo/Restored-Apple-iPad-Pro-11in-WiFi-256GB-Space-Gray-2nd-Gen-2020-Refurbished_32894f38-aed4-4295-9efa-e8c91421f34f.eeeeb32d422aa70762ed017277b4574c.jpeg,528.95,USD
4J17LDNB6UM8,Tablet Computers,Apple iPad Pro Wi-Fi + Cellular 128GB - Space Gray - (6th Gen),Apple,4.6,,"Apple 12.9-inch iPad Pro Wi-Fi + Cellular - 6th generation - tablet - 128 GB - 12.9"" - 3G, 4G, 5G",https://i5.walmartimages.com/seo/Apple-iPad-Pro-Wi-Fi-Cellular-128GB-Space-Gray-6th-Gen_455c6b65-aca9-400c-8930-5742344dafa1.0d44f1a1904108875a9e4bde29a99e91.jpeg,1279,USD
2Q3MY4EVA1J4,Tablet Computers,Refurbished Apple 11-inch iPad Pro (2018) Wi-Fi 64GB - Space Gray - Used Acceptible Condition,Apple,4.4,,"*THIS ITEM IS REFURBISHED 11-inch iPad Pro features an advanced Liquid Retina display that goes edge to edge.? Face ID, so you can securely unlock iPad Pro, log in to apps, and pay with just a glance. The A12X Bionic chip is faster than many PC laptops and easily runs pro apps. All-day battery life.? Wi-Fi. Over a million apps available on the App Store, including augmented reality experiences. And the new Apple Pencil and Smart Keyboard Folio help you be even more creative and productive.? It will make you rethink what iPad is capable of - and what a computer is capable of.11"" edge-to-edge Liquid Retina display with ProMotion, True Tone, and wide colorA12X Bionic chip with Neural EngineFace ID for secure authentication and Apple Pay12.0MP back camera, 7.0MP TrueDepth front cameraFour-speaker audio with wider stereo sound802.11ac Wi-FiUp to 10 hours of battery lifeUSB-C connector for charging and accessoriesiPadOS with intuitive multitasking, new Home screen, and all the great features of iOS 13. Item may have medium to heavy wear on body and/or screen.",https://i5.walmartimages.com/seo/Refurbished-Apple-11-inch-iPad-Pro-2018-Wi-Fi-64GB-Space-Gray-Used-Acceptible-Condition_4b9e7651-0690-429b-ab8e-08b52bcf2d71.b19207e2446f5b2adf2929d3f06cc4b6.jpeg,359.68,USD
4NPS2JGYIY9V,Tablet Computers,"Restored Apple iPad 9th Gen (2021) 10.2"" 64GB Space Gray (WiFi + Cellular) Grade A (Refurbished)",Apple,5,,"Apple iPad 9th Gen (2021) 10.2"" 64GB Space Gray (WiFi + Cellular) Used Grade A This item is fully functional and ready to be activated on the wireless carrier. It is in MINT cosmetic condition and contains extremely minor wear or none at all (Grade: 9/10 or better). Wall charger and data cable are included. No other items, such as original box or SIM Card are included.",https://i5.walmartimages.com/seo/Restored-Apple-iPad-9th-Gen-2021-10-2-64GB-Space-Gray-WiFi-Cellular-Grade-A-Refurbished_6314f24e-3f27-46ab-8c6b-381842530433.824e7bca93df6f8eb2fcd15f601bad3d.jpeg,292.42,USD
178LZSNW8BMD,Tablet Computers,"Restored Apple iPad Mini 4 7.9-inch Retina 32GB Wi-Fi Only Bundle: Pre-Installed Tempered Glass, Case, Rapid Charger, Bluetooth/Wireless Airbuds By Certified 2 Day Express (Refurbished)",Apple,4.7,,"This Apple iPad Mini 4 has a 7.9-inch display with 1536 x 2048 pixel resolution (~324 pixels per inch). Powered by Apple A8 chipset, Dual-Core processor at a speed of 1.5GHz, and PowerVR GX6450 (Quad-Core graphics). Storage capacity of 32GB with 2GB of RAM for memory. The main camera is 8.0 megapixels. This device is also Wi-Fi Only. Bundle includes Stylus Pen, Pre-Installed Tempered Glass, Case, and Rapid Charger, Bluetooth/Wireless Airbuds By Certified 2 Day Express! This device has been tested to be in great working condition. It will show signs of use and cosmetic blemishes which may included some scratched/dings, all of which do not affect the usability of this device.",https://i5.walmartimages.com/seo/Restored-Apple-iPad-Mini-4-7-9-inch-Retina-32GB-Wi-Fi-Only-Bundle-Pre-Installed-Tempered-Glass-Case-Rapid-Charger-Bluetooth-Wireless-Airbuds-By-Certi_1f2d5010-7d6b-4fd1-aa51-bc9a49f10c57.a85b2f8f70de0e2f968c8245328be6c2.jpeg,189,USD
1DWGCPUPC9PN,Tablet Computers,Restored 2021 Apple 10.2-inch iPad Wi-Fi + Cellular 64GB - Space Gray (9th Generation) (Refurbished),Apple,2,,"Restored Powerful. Easy to use. Versatile. The new iPad has a beautiful 10.2-inch Retina display, powerful A13 Bionic chip, an Ultra Wide front camera with Center Stage, and works with Apple Pencil and the Smart Keyboard. iPad lets you do more, more easily. All for an incredible value.<p></p> [Refurbished]",https://i5.walmartimages.com/seo/Restored-2021-Apple-10-2-inch-iPad-Wi-Fi-Cellular-64GB-Space-Gray-9th-Generation-Refurbished_25e33f4d-0c95-4efb-a296-4bab55b00fda.5932f96ba39ca15f8a1ff3aa446e8f8d.jpeg,296.78,USD
4051U3O4CLBO,Tablet Computers,"Open Box Apple iPad 10.9"" (10th Gen) 256GB, WiFi Only - Blue",Apple,5,,"Key Features10.9"" Multi-Touch Retina Display2360 x 1640 Screen Resolution (264 ppi)Apple A14 Bionic Chip256GB Storage CapacityWi-Fi 6 (802.11ax) | Bluetooth 5.2Front 12MP Ultra-Wide CameraRear 12MP Ultra Wide CameraUSB-C ConnectivitySupports Apple Pencil (1st Gen)iPadOS",https://i5.walmartimages.com/seo/Open-Box-Apple-iPad-10-9-10th-Gen-256GB-WiFi-Only-Blue_7d305833-f57c-4e55-b604-07e172d428db.70a9f81fdcb5fecb7042113fb7573488.jpeg,475.3,USD
5RTXWXZ2PGAA,Tablet Computers,Restored Apple iPad 2nd Gen 16GB White Wi-Fi MC979LL/A (Refurbished),Apple,3.7,,"This item is REFURBISHEDThe all-new thinner and lighter design makes the Apple iPad 2 with Wi-Fi even more comfortable to hold. It's even more powerful with the dual-core A5 chip, yet has the same 10 hours of battery life. With two cameras, you can make FaceTime video calls, record HD video, and put a twist on your snapshots in Photo Booth. And the iPad Smart Cover attaches magnetically and wakes up, stands up, and brightens up your Apple iPad 2 with Wi-Fi.",https://i5.walmartimages.com/seo/Restored-Apple-iPad-2nd-Gen-16GB-White-Wi-Fi-MC979LL-A-Refurbished_74c74dbd-6d2a-4193-9798-bc266312df37.6194cab6fd32ddf5c09ad34f006c5c89.jpeg,55,USD
1MVRN1UOK7HI,Tablet Computers,Refurbished Apple iPad 9th Gen 64GB Space Gray Wi-Fi 3K2K3LL/A (Latest Model),Apple,4.8,,"This item is REFURBISHEDPowerful. Easy to use. Versatile. The new iPad has a beautiful 10.2-inch Retina display, powerful A13 Bionic chip, an Ultra Wide front camera with Center Stage, and works with Apple Pencil and the Smart Keyboard. iPad lets you do more, more easily. All for an incredible value.",https://i5.walmartimages.com/seo/Refurbished-Apple-iPad-9th-Gen-64GB-Space-Gray-Wi-Fi-3K2K3LL-A-Latest-Model_9bf20fd3-e134-4f85-af81-aaab2d729875.9ad43beb4c69182cd52ae4cd1ccba119.jpeg,216.55,USD
1L5G3P27ROIN,Tablet Computers,"Restored Apple iPad 4 9.7-inch 32GB Wi-Fi, Black (Refurbished)",Apple,3.6,,"Apple iPad 4 9.7-inch 32GB Wi-Fi, Black (Used Grade A):&nbsp;Additional Features:FaceTime HD camera and iSight camera1 x Apple Lightning Connector, 1 x headphone jack32GB onboard storage memoryDigital compass, gyro sensor, ambient light sensorUp to 10 hours of run time on a full chargeWeighs 1.44 lbs.; 9.50"" x 7.31"" x 0.37"" dimensionsApple iPad 4th Generation&nbsp;Software and Applications:Apple iOS upgradeable to iOS 10.xSafari, Photos, App Store, Maps, Photo Booth, Reminders, Camera, Mail, FaceTime, iTunes, Clock, Calendar, Messages, Newsstand, Videos, Game Center, Contacts, NotesMusic playerMedia Formats: popular media formatsTechnical Specifications:1.40GHz dual-core A6X processor1GB of system memory9.7"" touchscreen, 2048 x 1536 resolution, fingerprint-resistant oleophobic coatingBuilt-in 802.11a/b/g/n Wi-Fi and Bluetooth 4.0What's in the Box:Tablet and USB power adapterLightning to USB cableWhat's a Tablet PC?&nbsp;Tablet PCs are compact, ultra-portable entertainment devices that let you read email, surf the Internet, read eBooks, view photos, play games, listen to music, and watch video files. Most tablets are based on a smaller operating system, which allows you to purchase and download additional applications from supported stores. Tablet PCs do not have a CD/DVD drive and will not run Microsoft Windows or its applications. Tablet PCs function as a secondary device for casual entertainment purposes and are not meant to replace a computer. They are ideal for use around the home and on the go with Wi-Fi or 3-4G mobile broadband connections (pay as you go, the contract may be required for service).&nbsp;&nbsp;",https://i5.walmartimages.com/seo/Restored-Apple-iPad-4-9-7-inch-32GB-Wi-Fi-Black-Refurbished_4e82576c-d8b6-4f1f-bd18-767c84a84ad7_1.9406a7d08ec8bd7ba8d0e6e021b77dab.jpeg,69,USD
1SBFQOXYSY8H,Tablet Computers,"Restored Apple iPad Pro (11"") 3rd Gen 128GB Space Gray Wi-Fi 3HQR3LL/A (Latest Model) (Refurbished)",Apple,4.5,,"<p>This item is Refurbished. iPad Pro features the powerful Apple M1 chip with next-level performance and all-day battery life. The Liquid Retina display on the 11-inch iPad Pro is not only gorgeous but super portable. And a front camera with Center Stage keeps you in frame automatically during video calls. iPad Pro has pro cameras and a LiDAR Scanner for stunning photos, videos, and immersive AR. Thunderbolt for connecting to high-performance accessories. And you can add Apple Pencil for note-taking, drawing, and marking up documents, and the Magic Keyboard for a responsive typing experience and trackpad.</p>",https://i5.walmartimages.com/seo/Restored-Apple-iPad-Pro-11-3rd-Gen-128GB-Space-Gray-Wi-Fi-3HQR3LL-A-Latest-Model-Refurbished_557264e6-8f6a-4e49-a6e2-67ea6bd020f2.732406b13ec681976afe83e16a197f3a.jpeg,599.95,USD
6SCIX3D8JJG9,Tablet Computers,Apple iPad 6 - WiFi Only - Space Gray - 32GB (Scratch and Dent),Apple,4,,"Create, learn, work, and play like never before. Featuring an immersive 9.7-inch Multi-Touch Retina display, powerful A10 Fusion chip, and now supports Apple Pencil (not included), there's nothing else quite like iPad.",https://i5.walmartimages.com/seo/Apple-iPad-6-WiFi-Only-Space-Gray-32GB-Scratch-and-Dent_627968de-ba56-48ac-90b1-8c42a9ce0849.0d4432e92e1a4ee47b9defe30168a8bf.jpeg,118.97,USD
6F3PBRYEHE1U,Tablet Computers,Restored Apple iPad 6 128GB Wi-Fi Only (Refurbished),Apple,4.8,,"The new 9.7-inch iPad features the powerful A10 Fusion chip so you can easily multitask and use the latest apps including augmented reality experiences.1 With iOS 11, iPad is more powerful, personal, and intelligent, so you can do more than ever. And with more advanced cameras, a better display, Touch ID, support for Apple Pencil,2 and over a million apps available on the App Store, there’s never been a better time to upgrade to a new iPad",https://i5.walmartimages.com/seo/Restored-Apple-iPad-6-128GB-Wi-Fi-Only-Refurbished_e73709aa-8493-476a-bc97-19336a777657.f44b161a9e8b8898dad02c1747dde8e9.jpeg,197.84,USD
2098JERTMQPB,Tablet Computers,Refurbished Apple 11-inch iPad Pro (2018) Wi-Fi 256GB,Apple,3.5,,"<p>The new 11-inch iPad Pro is finally here. Featuring the option to secure your device with Face ID, you can now unlock your iPad Pro, log into apps, and pay with just a glance. Its A12X Bionic chip is designed with updated technology, allowing the iPad Pro to efficiently run professional apps with ease. Plus, with its all-day battery life, you can step up to the plate and show what you're made of on all your tasks anywhere you are before having to plug in and recharge. With the advanced Liquid Retina display that spans from edge to edge, you can enjoy stunning visuals in full view as you watch movies, shows, videos and even as you work with images and play your favorite games. To help you put out your best work, the new iPad Pro is being released alongside the new Apple Pencil and Smart Keyboard Folio, so you can be even more creative and productive in everything you do. Pick up the new 11-inch iPad Pro and rethink what iPad is capable of.</p><br>",https://i5.walmartimages.com/seo/Refurbished-Apple-11-inch-iPad-Pro-2018-Wi-Fi-256GB_4b9e7651-0690-429b-ab8e-08b52bcf2d71.b19207e2446f5b2adf2929d3f06cc4b6.jpeg,389.95,USD
2G8BYIFGATBK,Tablet Computers,"Restored Apple iPad Pro (12.9"") 128GB Space Gray Wi-Fi ML0N2LL/A (Refurbished)",Apple,4.5,,"We aim to show you accurate product information. Manufacturers, suppliers and others provide what you see here, and we have not verified it. See our disclaimer",https://i5.walmartimages.com/seo/Restored-Apple-iPad-Pro-12-9-128GB-Space-Gray-Wi-Fi-ML0N2LL-A-Refurbished_93b5dfa4-5e70-43f1-84a8-2da815ef451f.5348e85f3cbf744b988c51d784e5e6e0.jpeg,333.99,USD
4EHIC1H5ZBMU,Tablet Computers,"Restored Apple iPad Pro, 10.5-inch, 64GB, Wi-Fi Only, Comes with Bundle: Case, Tempered Glass, Rapid Charger - Space Gray/Silver Comes in Original Retail Box (Refurbished)",Apple,4,,"<p>This Apple iPad Pro has a 10.5-inch display with 1668 x 2224 pixel resolution (~265 pixels per inch). Powered by Apple A10X Fusion chipset. Storage capacity of 64GB with 4GB of RAM for memory. The main camera is 12.0 megapixels. This device is also Wi-Fi Only. The bundle includes Case, Tempered Glass, and Generic Charger! This is a Refurbished Item. While this item has been tested to be in great working condition it will show signs of use and cosmetic blemishes which include some scratches/dings, all of which do not affect the usability of the item.</p>",https://i5.walmartimages.com/seo/Restored-Apple-iPad-Pro-10-5-inch-64GB-Wi-Fi-Only-Comes-Bundle-Case-Tempered-Glass-Rapid-Charger-Space-Gray-Silver-Original-Retail-Box-Refurbished_ab6c6b04-fb85-4ba7-b153-57040c69abe0.465119e4da41142f78743d2a6b6720f9.jpeg,249,USD
6GH2S6BHBIPY,Tablet Computers,Restored Apple iPad 7th Gen 32GB Silver Wi-Fi MW752LL/A (Latest Model) (Refurbished),Apple,4,,"*This item is REFURBISHED. The Apple 10.2"" iPad features an updated Retina display with a 2160 x 1620 resolution for crisp details and vivid colors, making it an ideal companion for watching movies, creating content, and much more. Powered by the A10 Fusion chip, it will enable users to edit 4K video, play graphics-intensive games, and experience AR apps. Moreover, its Smart Connector offers Smart Keyboard support for comfortable typing, while its display is compatible with the 1st gen Apple Pencil, so users can write and draw. With front and back cameras, the iPad can take photos, capture video, scan documents, make FaceTime calls, and provide AR capabilities. Connectivity-wise, it's equipped with Wi-Fi 5 (802.11ac), Bluetooth 4.2, a Lightning connector, and a 3.5mm audio jack. Its li-polymer battery is rated for up to 10 hours of use to keep you going throughout the day.",https://i5.walmartimages.com/seo/Restored-Apple-iPad-7th-Gen-32GB-Silver-Wi-Fi-MW752LL-A-Latest-Model-Refurbished_15dd89cf-37e2-43e9-9489-b60749cbafed.02bb3bb1980a6a5d529f9bf8f867d706.jpeg,164,USD
5Q75RVPIFVOK,Tablet Computers,"Open Box | Apple iPad Pro | 12.9-inch | 32GB | Latest OS | Wi-Fi Only | Bundle: Case, Pre-Installed Tempered Glass, Rapid Charger, Bluetooth/Wireless Airbuds By Certified 2 Day Express",Apple,3.4,,"This Apple iPad Pro has a 12.9-inch display with 2732 x 2048 pixel resolution (~264 pixels per inch). Powered by Apple A9X chipset, Dual-Core processor at a speed of 2.26GHz, and PowerVR Series 7 (12-Core graphics). Storage capacity of 32GB with 4GB of RAM for memory. The main camera is 8.0 megapixels. This device is also Wi-Fi Only. Bundle includes Case, Pre-Installed Tempered Glass, Rapid Charger, and Bluetooth/Wireless Airbuds By Certified 2 Day Express! This device has been tested to be in great working condition. It will show signs of use and cosmetic blemishes which may included some scratched/dings, all of which do not affect the usability of this device.",https://i5.walmartimages.com/seo/Open-Box-Apple-iPad-Pro-12-9-inch-32GB-Latest-OS-Wi-Fi-Only-Bundle-Case-Pre-Installed-Tempered-Glass-Rapid-Charger-Bluetooth-Wireless-Airbuds-By-Cert_4f2c46dd-7398-4ff6-9064-76ce49c1d3b8.435b61d18e1026253b08e57af7ec55c4.jpeg,349,USD
65X9058N6NPE,Smart Watches,Apple Watch SE (2023) GPS 40mm Starlight Aluminum Case with Starlight Sport Band - S/M,Apple,,,"A great deal to love. Affordable. Capable. Totally loveable. Heavy on features. Light on price. All-new features. Still light on price.Essential features to help you stay connected, active, healthy, and safe. Perfect for kids and older adults using Family Setup. Apple Watch SE 2023 2nd Generation. It's the ultimate device for a healthy life. Stay connected on the go, go, go. Crash detection, a safety feature we hope you'll never need.",https://i5.walmartimages.com/seo/Apple-Watch-SE-2023-GPS-40mm-Starlight-Aluminum-Case-with-Starlight-Sport-Band-S-M_78f57656-715a-4a7d-9703-4a2ef7b24cbb.330df6c056d55ebfc8b79de4b325ff2e.jpeg,189,USD
1Z127VPRFX0B,Tablet Computers,"Restored Apple iPad 5 (2017) Bundle, 32GB, Space Gray, Wi-Fi Only, Beats or JBL, Case, Tempered Glass, Stylus Pen, Charging Accessories.",Apple,3.9,,"Restored Apple iPad 5 Tablet, 32GB of Storage, 9-7-inch screen, Space Gray, Wi-Fi only (5th Gen, 2017, MP2F2LL/A) with Beats Flex Bundle.  Includes Beats Flex Headphones, Case, Screen Protector, Stylus Pen, Charging Accessories. Latest IOS.",https://i5.walmartimages.com/seo/Restored-Apple-iPad-5-2017-Bundle-32GB-Space-Gray-Wi-Fi-Only-Beats-or-JBL-Case-Tempered-Glass-Stylus-Pen-Charging-Accessories_466e84da-7b20-4a83-8bc1-c17af3a3a32c.5e72204ef823469cc23cfa0f4eaed212.jpeg,159,USD
52JW754IHEW3,Tablet Computers,"Restored | Apple iPad 6 | 32GB | Space Gray | Wi-Fi Only | Bundle: Pre-Installed Tempered Glass, Case, Charger, Bluetooth/Wireless Airbuds By Certified 2 Day Express",Apple,3.5,,"Apple iPad 6 is a 9.7-inch Apple tablet with a retina display which comes in 3 different colors: Silver, Gold, Space Gray. This iPad features a 32 GB storage capacity or 128 GB. This iPad is great for surfing the web and more with its great battery life while using Wi-Fi. This is a certified refurbished product which has been tested to be in great working condition. Product may show signs of use and cosmetic blemishes which include minor scratches, all of which do not affect the usability of the item.",https://i5.walmartimages.com/seo/Restored-Apple-iPad-6-32GB-Space-Gray-Wi-Fi-Only-Bundle-Pre-Installed-Tempered-Glass-Case-Charger-Bluetooth-Wireless-Airbuds-By-Certified-2-Day-Expre_027e9ffa-c1ce-44fe-97af-0ed45310a378.3346b7096a5ec983adfa48a61fd01891.jpeg,179,USD
2P2LC17SH8FG,Tablet Computers,"Restored Apple 7.9-inch iPad Mini 2 Retina, Wi-Fi Only, 32GB, Bundle Comes With: Bluetooth Headset, Tempered Glass, Case, Stylus Pen, Rapid Charger - Space Gray (Refurbished)",Apple,3.9,,"This device has been certified by our industry leading software and is 100% fully functional. This device will show light signs of use such as scratches, scuffs & nicks on the housing and screen. Wall block and USB cable included. Sim card and earbuds are NOT included.",https://i5.walmartimages.com/seo/Restored-Apple-7-9-inch-iPad-Mini-2-Retina-Wi-Fi-Only-32GB-Bundle-Comes-With-Bluetooth-Headset-Tempered-Glass-Case-Stylus-Pen-Rapid-Charger-Space-Gra_0d015cee-cac7-4de9-b668-1c98e3acd19f.cb368219df04974bbe7fbd5265c09f62.jpeg,199,USD
46SDJLNRL5EV,Tablet Computers,Restored Apple iPad Pro 12.9inch (3rd Generation) 256GB WiFi Only Space Gray (Refurbished),Apple,,,"The 12.9"" iPad Pro from Apple, updated from the same one you know and love, ditches the Home button for a display that's more screen and less bezel. Built with the same Liquid Retina technology found on iPhones, the iPad Pro's 12.9"" display features a 2732 x 2048 resolution, ProMotion technology, wide color and True Tone support, as well as a 600 cd/m2 brightness rating. Performance-wise, Apple has replaced the A10X processor with the A12X Bionic chip. This multi-core processor handles all the computational and graphical processing needed for complicated tasks. In addition, it's paired with a Neural Engine chip for advanced machine learning. With the removal of the Home button which also functioned as the fingerprint sensor, the iPad Pro has opted for Face ID via its front-facing 7MP TrueDepth camera.",https://i5.walmartimages.com/seo/Restored-Apple-iPad-Pro-12-9inch-3rd-Generation-256GB-WiFi-Only-Space-Gray-Refurbished_313b1bb2-1c65-458b-b8a7-f7e48e03d15d.8c93fe82d32e8548539906c793e649b8.jpeg,549.95,USD
1EP3W7Q75EDW,Tablet Computers,"Restored Apple iPad Pro 64GB Wi-Fi, 10.5 - Rose Gold (Refurbished)",Apple,4,,This iPad has been certified by our industry-leading mobile diagnostic software to be 100% fully functional. It is in very good condition showing only minor signs of use. Premium aftermarket wall charger and USB cable are included. Original packaging is not included.,https://i5.walmartimages.com/seo/Restored-Apple-iPad-Pro-64GB-Wi-Fi-10-5-Rose-Gold-Refurbished_a4c24f47-769b-4c4b-8756-2d2f05aa3ce0.efc5e6f714ea29a9da5e87972c56d963.png,249,USD
65LBN8QUGFHG,Tablet Computers,Restored Apple iPad Pro 9.7-inch Wi-Fi 32GB (Refurbished),Apple,4,,"iPad Pro has the power of a PC. And the power to go beyond it. Powered by the A9X chip with 64-bit desktop-class architecture and featuring the brightest, most advanced Multi-Touch Retina display, iPad Pro is the best computer for the world we live in today. And the the 9.7-inch iPad is only 6.1 mm thin and weighs less than a pound. Add the pixel-perfect Apple Pencil and the incredibly thin Smart Keyboard, and iPad Pro becomes more capable, versatile, and portable than anything thats come before.*",https://i5.walmartimages.com/seo/Restored-Apple-iPad-Pro-9-7-inch-Wi-Fi-32GB-Refurbished_781ac9d1-0b3d-4daf-b07f-630d352aaee0.ca6a6856be946fc890b03d04634f6a3a.jpeg,134,USD
5HQUMYJ0P8AW,Tablet Computers,Restored Apple iPad Air 2 Wi-Fi 16GB (Refurbished),Apple,3.9,,"At just 6.1mm, the Apple iPad Air 2 is robust and capable of supporting many needs. It has a re-engineered 9.7"" Retina display that makes watching video and navigating apps a breeze. This Apple iPad Air Tablet also features an innovative and revolutionary Touch ID fingerprint sensor. Inside, a powerful A8X chip with 64-bit architecture offers you plenty of power. A new iSight camera and an improved FaceTime HD camera make it quick and easy to chat with friends and hold meetings. Available with an elegant gold finish, the iPad Air 2 also comes with iOS 8, iCloud, and up to 10 hours of battery life. Several productivity and creativity apps help to ensure that you can jump into your most creative ideas as soon as you dream them up. Easy access to the App Store comes built right in, so you can find the software you need for gaming, entertainment, productivity and social connections right away.<br>",https://i5.walmartimages.com/seo/Restored-Apple-iPad-Air-2-Wi-Fi-16GB-Refurbished_af83e651-843e-4932-9bc6-db471985648f.e5cc6e7f662fde001aa1e56b59ea27f0.jpeg,118.68,USD
4IJKLTELDX3O,Tablet Computers,Apple iPad 6th Gen A1893 (WiFi) 128GB Space Gray (Used - Grade A),Apple,4.4,,"This item is in very good condition, and shows only minimal wear (such as light scratches). It is backed by a one year warranty. It is fully functional and has been professionally refurbished, inspected and cleaned to very good condition. This product has been determined fully functional by our industry leading 30+ point functionality inspection. UL approved power adapter and charging cable are included. This product will not come in its original packaging; Headphones, SIM card and manual will not be included.",https://i5.walmartimages.com/seo/Apple-iPad-6th-Gen-A1893-WiFi-128GB-Space-Gray-Used-Grade-A_046f156b-bc36-4410-b87f-0d5ab8665563.558b18ac1c623e5fa8b0a8b62920aa83.jpeg,175,USD
2SJRWUE3BP1S,Tablet Computers,Restored Apple iPad Pro 12.9inch (3rd Generation) 64GB Wi-Fi + Cellular Space Gray (Refurbished),Apple,,,"The 12.9"" iPad Pro from Apple, updated from the same one you know and love, ditches the Home button for a display that's more screen and less bezel. Built with the same Liquid Retina technology found on iPhones, the iPad Pro's 12.9"" display features a 2732 x 2048 resolution, ProMotion technology, wide color and True Tone support, as well as a 600 cd/m2 brightness rating. Performance-wise, Apple has replaced the A10X processor with the A12X Bionic chip. This multi-core processor handles all the computational and graphical processing needed for complicated tasks. In addition, it's paired with a Neural Engine chip for advanced machine learning. With the removal of the Home button which also functioned as the fingerprint sensor, the iPad Pro has opted for Face ID via its front-facing 7MP TrueDepth camera.",https://i5.walmartimages.com/seo/Restored-Apple-iPad-Pro-12-9inch-3rd-Generation-64GB-Wi-Fi-Cellular-Space-Gray-Refurbished_d54976d7-0a52-4ec9-8809-20cbff661b06.88bef6610f8d2b65265e8ed38f418266.jpeg,474.21,USD
3JY86QRRO1QT,Tablet Computers,"Restored Apple iPad 5 MP2F2LL/A 32GB Wifi 9.7"", Space Gray (Refurbished)",Apple,4.3,,"<p><strong>Apple iPad 5 Generation with Wi-Fi 32GB MP2F2LL/A in Space Gray</strong></p><p>Apple updated their classic space gray 9.7"" iPad with an Apple A9 chip, which also has a M9 motion coprocessor. This 64-bit chip delivers performance that makes apps feel fast and fluid. Explore rich learning apps, play graphically intensive games, or even use two apps at once with iOS 10's multitasking features.<br>The iPad features a 9.7"" Retina Display that has a 2048 x 1536 resolution, resulting in 264 ppi — over 3.1 million pixels. The display also has multi-touch support.<br>At just one pound and 7.5mm thin, the iPad features an aluminum unibody construction that delivers a solid feel. There is also a front 1.2MP FaceTime HD camera and a rear 8MP camera that can record 1080p video.<br>With support for 802.11ac Wi-Fi, the iPad can reach data transfer speeds of up to 866 Mbps.</p><p><strong>Features:</strong><br> • 9.7"" Multi-Touch Retina Display<br>•2048 x 1536 Screen Resolution (264 ppi)<br>•Apple A9 64-bit SoC with M9 Coprocessor<br>•802.11ac Wi-Fi | Bluetooth 4.2</p><p><br><strong> What's in the box?</strong><br> ??Apple iPad 5 Gen 32GB MP2F2LL/A<br> ??AC power adapter</p>",https://i5.walmartimages.com/seo/Restored-Apple-iPad-5-MP2F2LL-A-32GB-Wifi-9-7-Space-Gray-Refurbished_e7e11a6e-7440-46d8-934b-adf94a2dbfbf.6654e71ada6398cab88760cf055d1a7b.jpeg,114.92,USD
1QTWQSETIEKD,Tablet Computers,Restored Apple iPad Air 32GB Wi-Fi (Refurbished),Apple,3.9,,"We aim to show you accurate product information. Manufacturers, suppliers and others provide what you see here, and we have not verified it.See our disclaimer",https://i5.walmartimages.com/seo/Restored-Apple-iPad-Air-32GB-Wi-Fi-Refurbished_e647d124-e09e-482f-ba10-f98ee8722a30.d0eb4421897d0ae71fe74ff243e29cc0.jpeg,91.99,USD
4EDZOERELW7S,Tablet Computers,"Restored Apple iPad 7th Gen 10.2"" Tablet 32GB WiFi + 4G LTE GSM Unlocked,&nbsp;Space Gray (Refurbished)",Apple,3.4,,"The 10.2"" iPad 7th Gen (WiFi + Cellular) - MW6W2LL/A was released in 2019 and features a 10.2"" display, a Space Gray housing, and 32GB of storage. The device was released on March 18th, 2019 with an MSRP of $679. Overall dimensions are 9.8 x 6.8 x 0.29 inches with a weight of approximately 1.09 lbs.",https://i5.walmartimages.com/seo/Restored-Apple-iPad-7th-Gen-10-2-Tablet-32GB-WiFi-4G-LTE-GSM-Unlocked-nbsp-Space-Gray-Refurbished_0741c711-5e4f-4ea5-8c50-6edb00dd49a7.502fc4ba356b8e9dfb3ae3154a7008ff.jpeg,160,USD
2250RPOYZVI1,Tablet Computers,"Restored Apple iPad 6 9.7"" 32GB Space Gray (Wifi) with LED Wireless Speaker, Bluetooth Headphones, & Screen Protector (Refurbished)",Apple,3.1,,"This Apple iPad 6 has been professionally restored to working order by an approved vendor. Manufacturer Refurbished Grade B Fully Functional in Excellent Working Condition. 8/10 Cosmetic Rating. Fully Unlocked compatible with all carriers. Internally, the iPad 6 is powered by a 64-bit 2.34 GHz ""Apple A10 Fusion"" processor with four cores. It has 2 GB of RAM, 32GB of flash storage. Bundle includes Wireless Speaker, Bluetooth Headphones, &amp; Screen Protector.",https://i5.walmartimages.com/seo/Restored-Apple-iPad-6-9-7-32GB-Space-Gray-Wifi-with-LED-Wireless-Speaker-Bluetooth-Headphones-Screen-Protector-Refurbished_1399943f-b72d-431b-be40-2d52350aaabb.c9afc54a9460f3c1412eec5fb8d827f4.jpeg,159.99,USD
2YSESHQ68C07,Tablet Computers,"Apple MacBook Air with Apple M2 Chip (13.6-inch, 8GB RAM, 256GB SSD Storage) - Midnight (Latest Model)(New-Open-Box)",Apple,4.5,,"Redesigned around the next?generation M2 chip, MacBook Air is strikingly thin and brings exceptional speed and power efficiency within its durable all-aluminum enclosure. It’s the ultraportable, ultracapable laptop that lets you work, play, or create just about anything — anywhere. New chip. Next chapter.M2 begins the next chapter for Apple silicon, which has transformed the Mac lineup with its blazing performance and power efficiency. The breakthrough system on a chip (SoC) architecture combines the CPU, GPU, memory, and more on a single chip so everything runs much faster — while requiring much less power.M2 is built using an enhanced second-generation 5?nanometer technology. It features over 20 billion transistors — 25 percent more than M1. And its 16-core Neural Engine is capable of executing up to 15.8 trillion operations per second to accelerate machine learning tasks. Up to 24GB of high-performance unified memory gives the CPU and GPU shared access to a larger memory pool. And the 100GB/s memory bandwidth — 50 percent more than M1 — makes multitasking and running multiple apps superfluid.To be clear, it’s gorgeous.The breathtaking 13.6-inch Liquid Retina display is the biggest — and brightest — ever on MacBook Air, with support for 1 billion colors. Text is supercrisp, and photos and movies more brilliant and vivid, with rich contrast and sharp detail.Look sharp. Sound great.Make your best impression on video calls with the 1080p FaceTime HD camera and three?mic array. Surround yourself with an expansive soundstage, compliments of the four?speaker sound system with Spatial Audio. MacBook Air was designed to thrill the senses.Let your fingers fly.Comfortable and quiet, Magic Keyboard now has a full?height function key row for quick access to favorite controls and shortcuts. Touch ID makes it easy to unlock your Mac, enter passwords, and make secure purchases or payments — all at the touch of a finger. And with the larger Force Touch trackpad, there’s even more space to work with precision.Keep plugging away.The quick-release MagSafe power connector easily attaches — and detaches — with magnets, preventing any unintended flights. Two Thunderbolt ports let you connect and power high-speed accessories. You can also connect up to a 6K display. And the headphone jack supports high?impedance headphones.Create to your heart’s content.Thanks to the high-performance media engine on the M2 chip, you can play and edit even more streams of 4K and 8K ProRes video3 — including 4K ProRes video shot on iPhone 13 Pro.Less to carry.Redesigned around the next-generation M2 chip, MacBook Air is strikingly thin and brings exceptional speed and power efficiency within its durable all-aluminum enclosure. It’s the ultrafast, ultracapable laptop that lets you work, play, or create just about anything — anywhere.Keep it secret. Keep it safe.Apple silicon and macOS bring advanced built-in security to help defend against malware and viruses. And Mac is designed to give you the freedom to choose what you share and how you share it.Three-mic array.Come through loud and clear on calls wherever you are, thanks to the three-mic array with advanced beamforming algorithms to capture clean audio.Four-speaker sound system with Spatial Audio.Immerse yourself in movies and music with improved stereo separation and vocal clarity from two tweeters and two ultrathin woofers. Spatial Audio with support for Dolby Atmos places sound all around you.There’s power in silence.Thanks to the efficiency of the M2 chip, MacBook Air can deliver amazing performance without a fan — so it stays completely silent no matter how intense the task.Built to last. Puts the earth first.As responsible as it is durable, MacBook Air features 100 percent recycled aluminum in its compact enclosure.",https://i5.walmartimages.com/seo/Apple-MacBook-Air-with-Apple-M2-Chip-13-6-inch-8GB-RAM-256GB-SSD-Storage-Midnight-Latest-Model-New-Open-Box_43372d21-ed22-43e3-95e6-cb7a5d1e1031.7f6cdfc14f5ef1b200d0c8bc4f605c0e.png,999,USD
3ZQ432G28JN7,Tablet Computers,Restored Apple 10.2-inch iPad (7th Gen) Wi-Fi Only 32GB - Space Gray (Refurbished),Apple,3.3,,"The most popular iPad features a larger 10.2-inch Retina display, support for Apple Pencil and the Smart Keyboard,and the amazingly capable, iPadOS.",https://i5.walmartimages.com/seo/Restored-Apple-10-2-inch-iPad-7th-Gen-Wi-Fi-Only-32GB-Space-Gray-Refurbished_6e03fc46-3b22-4819-b941-befb090ab9f0.eb2ab19e2b81f606ef0a6a9afc07e7c5.jpeg,157,USD
0VYLGNRPMHE1,Tablet Computers,"Open Box | Apple iPad Pro | 12.9-inch | 128GB | Wi-Fi +4G Unlocked | Bundle: Pre-Installed Tempered Glass, Case, Charger, Bluetooth/Wireless Airbuds By Certified 2 Day Express",Apple,3.5,,"<p>This Apple iPad Pro is powered by Apple A9X chipset, Dual-Core processor at a speed of 2.26 GHz, and PowerVR Series 7 (12-Core graphics). Storage capacity of 128GB with 4GB of RAM for memory. The main camera is 8.0 megapixels. This device is also Wi-Fi +4G Unlocked. Bundle includes Case, Pre-Installed Tempered Glass, Rapid Charger, and Bluetooth/Wireless Airbuds By Certified 2Day Express! The item has been examined/fully tested to be fully functioning, 100% Working Condition. Product may contain signs of usage which do not affect the usability of the item.</p>",https://i5.walmartimages.com/seo/Open-Box-Apple-iPad-Pro-12-9-inch-128GB-Wi-Fi-4G-Unlocked-Bundle-Pre-Installed-Tempered-Glass-Case-Charger-Bluetooth-Wireless-Airbuds-By-Certified-2_7c56790b-f7f7-4973-9752-5d510749b3bd.950efb55dcb888b00b5f7325744138b6.jpeg,469,USD
2SVFO6UDZP2V,Tablet Computers,"Restored 2021 Apple iPad 9th Gen (10.2 inch, WiFi + Cellular, 64GB) Space Gray (Refurbished)",Apple,4,,"This Apple iPad 9th Gen has been professionally restored to working order by an approved vendor. It is in Perfect Working Condition with 9/10 Cosmetic Rating. WiFi + Cellular tablet. Expect Scratches, Dents and Wear. All iPad 9th Gen feature a 10.2"" 2160x1620 (264 ppi) LED-backlit IPS touch-sensitive ""Retina"" display with True Tone capability. Each has a ""Touch ID"" fingerprint sensor, and has a ""Smart Connector"" for use with an Apple Smart Keyboard, as well. Each iPad (9th Gen) model is powered by a six-core 2.6 GHz Apple A13 Bionic processor, has 3 GB of RAM, and has 64 GB of flash memory storage.",https://i5.walmartimages.com/seo/Restored-2021-Apple-iPad-9th-Gen-10-2-inch-WiFi-Cellular-64GB-Space-Gray-Refurbished_773d968b-addb-4a0d-a131-e129843f5af2.4f7d0237c0d8850d998ecc87bdb74311.jpeg,292.42,USD
6WCBWKHH70KM,Tablet Computers,"Restored Apple iPad Mini 4 7.9-inch Retina 128GB Latest OS Wi-Fi Only Bundle: Case, Pre-Installed Tempered Glass, Rapid Charger, Bluetooth/Wireless Airbuds By Certified 2 Day Express (Refurbished)",Apple,4.6,,"Expand your digital horizon with the Apple iPad Air 2. At just 6.1mm, it is a thin and capable device. It has a re-engineered 9.7"" Retina display, which offers high definition while watching videos or looking at photos. The revolutionary Touch ID fingerprint sensor helps you access your personal information quickly and easily. This space gray iPad Air also features a powerful A8X chip with 64-bit architecture for improved performance and gaming speed. Use the new iSight camera when taking detailed photos and videos. An improved FaceTime HD camera will improve the quality of your video chats like never before. Its fast wireless connection enables you to stream content and enjoy clear video calls. This 128GB Apple iPad Wi-Fi comes with the all-new iOS 8 operating system along with a new feature set. Enjoy over 10 hours of battery life, and a vast suite of productivity apps available with this device.",https://i5.walmartimages.com/seo/Restored-Apple-iPad-Mini-4-7-9-inch-Retina-128GB-Latest-OS-Wi-Fi-Only-Bundle-Case-Pre-Installed-Tempered-Glass-Rapid-Charger-Bluetooth-Wireless-Airbu_2e671c5b-04f6-4d77-af9a-e6c2817c4121.d4f7f3309ebc8479e5dcd21ab8c3e009.jpeg,199,USD
3Z10E5F1W4DH,Tablet Computers,"Restored Latest Apple OS Apple iPad 5 32GB Space Gray Wi-Fi Only Bundle: Pre-Installed Tempered Glass, Case, Charger, Bluetooth/Wireless Airbuds By Certified 2 Day Express (Refurbished)",Apple,3.3,,"Apple's 5th generation iPad was released Mid 2017 with a variety of colors and storage capacities. The 9.7-inch iPad with Retina Display delivers the revolutionary iPad experience at a affordable price. It includes 2048-by-1536-pixel resolution at 264 ppi allowing for an immersive viewing experience. This iPad is great for surfing the web and more with its great battery life while using Wi-Fi. This is a certified refurbished product which has been tested to be in great working condition. Product may show signs of use and cosmetic blemishes which include minor scratches, all of which do not affect the usability of the item.",https://i5.walmartimages.com/seo/Restored-Latest-Apple-OS-iPad-5-32GB-Space-Gray-Wi-Fi-Only-Bundle-Pre-Installed-Tempered-Glass-Case-Charger-Bluetooth-Wireless-Airbuds-By-Certified-2_6ef422f7-b194-4061-a2e0-ac9b99206077.689b2d8a9bd8f00abf859256cf9a302e.jpeg,149,USD
1IZ7NQQU684M,Tablet Computers,"Open Box Apple 10.2-inch iPad (Wi-Fi, 64GB) - Space Gray (2021) (MK2K3LL/A)",Apple,4,,"The Apple 10.2"" iPad features a Retina display with a 2160 x 1620 resolution for crisp details and vivid colors, making it an ideal companion for watching movies, creating content, and much more. The Retina Display also has True Tone technology, which adjusts the display to the color temperature of the room so it's more comfortable for viewing in any light. Apple upgraded the front camera to a 12MP Ultra-Wide camera. In addition to a huge boost in image quality and a wider 122? field of view, the iPad also features Center Stage. Center Stage automatically pans the camera to keep them in view. This is especially useful when other people join in because the camera detects them and smoothly zooms out to include them. Center Stage shines during video calls and it makes them feel more natural. It works in FaceTime, but also in other third-party video-calling apps. The A13 Bionic chip is more powerful than its predecessor, the A12 Bionic chip, and supports Neural Engine machine learning. Moreover, its Smart Connector offers Smart Keyboard support for comfortable typing, while its display is compatible with the 1st gen Apple Pencil, so users can write and draw. It's equipped with Wi-Fi 5 (802.11ac), Bluetooth 4.2, a Lightning connector, and a 3.5mm audio jack. This iPad is rated for up to 10 hours of use to keep you going throughout the day.",https://i5.walmartimages.com/seo/Open-Box-Apple-10-2-inch-iPad-Wi-Fi-64GB-Space-Gray-2021-MK2K3LL-A_1fcd0df4-28c2-4d31-8b66-257d73b0a32d.944cfc4eacba24fc92106562cfb420c0.jpeg,278,USD
2UJ13GLP5KWK,Tablet Computers,"Refurbished Apple iPad 5th Gen 32GB Wifi + Cellular Unlocked, 9.7in - Space Gray",Apple,4.5,,This iPad has been certified by our industry-leading mobile diagnostic software to be 100% fully functional. It is in VERY GOOD condition showing only minor signs of use. Premium aftermarket wall charger and USB cable are included. Original packaging is NOT included.,https://i5.walmartimages.com/seo/Refurbished-Apple-iPad-5th-Gen-32GB-Wifi-Cellular-Unlocked-9-7in-Space-Gray_c78c8c7d-f196-42ac-b3cd-9dca83fcb87c_1.cb2d7ea3bd8826c8860fab5dfa82569f.jpeg,115,USD
44SWYIDDRRK2,Tablet Computers,Restored Apple iPad Air 2 128GB WiFi Only Gold (Refurbished),Apple,4.7,,"At just 6.1mm, the Apple iPad Air 2 is robust and capable of supporting many needs. It has a re-engineered 9.7"" Retina display that makes watching video and navigating apps a breeze. This Apple iPad Air Tablet also features an innovative and revolutionary Touch ID fingerprint sensor. Inside, a powerful A8X chip with 64-bit architecture offers you plenty of power. A new iSight camera and an improved FaceTime HD camera make it quick and easy to chat with friends and hold meetings. Available with an elegant gold finish, the iPad Air 2 also comes with iOS 8, iCloud, and up to 10 hours of battery life. Several productivity and creativity apps help to ensure that you can jump into your most creative ideas as soon as you dream them up. Easy access to the App Store comes built right in, so you can find the software you need for gaming, entertainment, productivity and social connections right away.",https://i5.walmartimages.com/seo/Restored-Apple-iPad-Air-2-128GB-WiFi-Only-Gold-Refurbished_a0e127c8-c3f7-47f4-89a8-cd5329ffffb0.8e56b58b770512035edc4ecddc4da26d.jpeg,202.99,USD
45RFK921IKHJ,Tablet Computers,"Restored Apple 9.7-inch iPad 6th Gen 32GB 128GB Bundle: Pre-Installed Tempered Glass, Case, Rapid Charger, Bluetooth/Wireless Airbuds By Certified 2 Day Express (Refurbished)",Apple,3.6,,"This Apple 6th Generation iPad comes in Space Gray, Silver, and Gold. It has a 9.7-inch display with 1536 x 2048 pixel resolution (~264 pixels per inch). Powered by Apple A9 chipset, Dual-Core processor at a speed of 1.84GHz, and PowerVR GT7600 (Six-Core graphics). Storage capacity of 32GB and 128GB with 2GB of RAM for memory. The main camera is 8.0 megapixels. This device is also Wi-Fi Only or Wi-Fi +4G Unlocked. This device has been tested to be in great working condition. It will show signs of use and cosmetic blemishes which may included some scratched/dings, all of which do not affect the usability of this device.",https://i5.walmartimages.com/seo/Restored-Apple-9-7-inch-iPad-6th-Gen-32GB-128GB-Bundle-Pre-Installed-Tempered-Glass-Case-Rapid-Charger-Bluetooth-Wireless-Airbuds-By-Certified-2-Day_92f86e86-a923-478a-8a7f-e2421a50d6e7.7ff06bca5c8dcd3cc06fd4b6b50f5abf.jpeg,199,USD
6L885CFA7HIC,Tablet Computers,"Restored Apple iPad Pro 10.5-inch 64GB Wi-Fi Only Newest OS Bundle: Case, Pre-Installed Tempered Glass, Rapid Charger, Bluetooth/Wireless Airbuds By Certified 2 Day Express (Refurbished)",Apple,5,,"This Apple iPad Pro has an 10.5-inch display with 1668 x 2224 pixel resolution (~264 pixels per inch). Powered by Apple A10X Fusion chipset. Storage capacity of 64GB with 4GB of RAM for memory. The main camera is 12.0 megapixels. This device is also Wi-Fi Only. Bundle includes Case, Pre-Installed Tempered Glass, Rapid Charger, and Bluetooth/Wireless Airbuds By Certified 2 Day Express! This device has been tested to be in great working condition. It will show signs of use and cosmetic blemishes which may included some scratched/dings, all of which do not affect the usability of this device.",https://i5.walmartimages.com/seo/Restored-Apple-iPad-Pro-10-5-inch-64GB-Wi-Fi-Only-Newest-OS-Bundle-Case-Pre-Installed-Tempered-Glass-Rapid-Charger-Bluetooth-Wireless-Airbuds-By-Cert_d92f8e88-e9b1-42b8-bbc8-28fe11726f82.3c491f8d5d62602e5750c9a27761bdf2.jpeg,249,USD
12GEJ9YR8RBX,Tablet Computers,Restored Apple iPad 7th Gen 32GB Gold Wi-Fi (2019) (Refurbished),Apple,4.2,,"*This item is Used. The&nbsp;Apple 10.2"" iPad&nbsp;features an updated Retina display with a 2160 x 1620 resolution for crisp details and vivid colors, making it an ideal companion for watching movies, creating content, and much more. Powered by the A10 Fusion chip, it will enable users to edit 4K video, play graphics-intensive games, and experience AR apps. Moreover, its Smart Connector offers Smart Keyboard support for comfortable typing, while its display is compatible with the 1st gen Apple Pencil, so users can write and draw. With front and back cameras, the iPad can take photos, capture video, scan documents, make FaceTime calls, and provide AR capabilities. Connectivity-wise, it's equipped with Wi-Fi 5 (802.11ac), Bluetooth 4.2, a Lightning connector, and a 3.5mm audio jack. Its li-polymer battery is rated for up to 10 hours of use to keep you going throughout the day.",https://i5.walmartimages.com/seo/Restored-Apple-iPad-7th-Gen-32GB-Gold-Wi-Fi-2019-Refurbished_7545082f-37b6-4359-b2ee-d94e52a27efd.ff3377d294b3ab231d34973f3ca491cc.jpeg,199,USD
6BPCH107PO14,Tablet Computers,Restored Apple iPad 5 9.7-inch Wi-Fi Only 32GB (Refurbished),Apple,4.5,,"The new 9.7-inch iPad delivers the revolutionary iPad experience at an even more affordable price. The vivid Retina display offers an immersive viewing experience. The A9 chip provides amazing performance, yet it still delivers up to 10 hours of battery life. And the durable aluminum unibody enclosure is just 7.5 mm thin and weighs just a pound. With advanced cameras, ultrafast wireless connectivity, Touch ID, Apple Pay, iOS 10, and more than 1.3 million apps on the App Store, you can work, play, surf, and shop everywhere. Appleâ€™s most popular-sized iPad is a great choice for firsttime iPad owners and upgraders who want to enjoy the benefits of a powerful, new iPad.",https://i5.walmartimages.com/seo/Restored-Apple-iPad-5-9-7-inch-Wi-Fi-Only-32GB-Refurbished_53ef4457-a649-4226-8f85-c09c69e81554_4.4330af4201060415a139da45fd8049ad.jpeg,123.99,USD
2V3TIZLHKX2T,Tablet Computers,Restored Apple iPad 10th Gen 64GB Blue WiFi MPQ13LL/A (Refurbished),Apple,4.9,,"This item is REFURBISHEDColorfully reimagined and more versatile than ever. With an all-screen design,10.9-inch Liquid Retina display, and four gorgeous colors. iPad delivers a powerful way to create, stay connected, and get things done.",https://i5.walmartimages.com/seo/Restored-Apple-iPad-10th-Gen-64GB-Blue-WiFi-MPQ13LL-A-Refurbished_c739c146-04d1-44e0-a346-fd1bc0406467.b2e8f49fa1407eea00720590c834b0da.jpeg,397,USD
4CQHXSDKROTJ,Tablet Computers,Restored Apple iPad 2017 Wi-Fi 32GB - Space Gray (Refurbished),Apple,4,,"The iPad features a 9.7"" Retina Display that has a 2048 x 1536 resolution, which results in 264 ppi. That's over 3.1 million pixels. The display also has multi-touch support. iOS 10 is the installed operating system.At just one pound and 7.5mm thin, the iPad features an aluminum unibody construction that delivers a solid feel. There is also a front 1.2MP FaceTime HD camera and a rear 8MP iSight camera that can record in 1080p video.With support for 802.11ac Wi-Fi, the iPad can reach data transfer speeds of up to 866 Mbps.",https://i5.walmartimages.com/seo/Restored-Apple-iPad-2017-Wi-Fi-32GB-Space-Gray-Refurbished_fa33dd3b-d451-40b0-9155-d2832b963a68.ffb452705f9f1b6a6a13c1acea8cc89e.jpeg,112.96,USD
54FJZSNQJPVK,Tablet Computers,Restored Apple iPad Pro 12.9” (3rd Generation) 256GB Cellular Tablet - Space Gray (Refurbished),Apple,3.9,,Refurbished Apple iPad Pro (3rd Generation),https://i5.walmartimages.com/seo/Restored-Apple-iPad-Pro-12-9-3rd-Generation-256GB-Cellular-Tablet-Space-Gray-Refurbished_2a940cf1-21f9-498d-abd7-5372db4cefdf_1.6295a48ff6fa2b01f7df5d72c5fd9f46.jpeg,549.95,USD
3S3A3WW877W6,Tablet Computers,"Apple iPad 9.7"" (5th Gen) 128GB Wi-Fi Tablet (MP2H2LL/A) - Space Gray (Used)",Apple,4.3,,"The simply named ""9.7-inch iPad"" -- which Apple sometimes refers to as the ""iPad (5th Generation)"" and that were introduced in ""Early 2017"" -- All iPad (5th Gen) devices -- including this Wi-Fi only model -- feature a 9.7"" 2048x1536 (264 ppi) LED-backlit IPS touch-sensitive ""Retina"" display that is not fully laminated and that does not have an antireflective coating but does have a ""Touch ID"" fingerprint sensor. Each is powered by a two core 1.8 GHz Apple A9 processor. Other notable features include dual cameras -- a rear-mounted 8 megapixel ""iSight"" camera capable of shooting stills and 1080p 30 fps video and a front-mounted 1.2 megapixel ""FaceTime HD"" camera capable of shooting stills and 720p video -- dual channel 802.11ac Wi-Fi with MIMO support (backwards compatible with 802.11a/b/g/n), and Bluetooth 4.2 in addition to stereo speakers. Connectivity to computers, if desired, and power is provided by the Lightning port. The battery life of this iPad (5th Gen) model is reportedly 10 hours ""surfing the web on Wi-Fi, watching video, or listening to music.""",https://i5.walmartimages.com/seo/Apple-iPad-9-7-5th-Gen-128GB-Wi-Fi-Tablet-MP2H2LL-A-Space-Gray-Used_a22d0f55-632a-4171-89cb-b3a410761e84.92718d0b0c1fa414f5323728ec6e4d53.jpeg,142,USD
78LNI58S9HI8,Tablet Computers,"Restored Apple iPad 8 (8th Generation) 32GB WiFi 10.2"" Space Gray (2020) (Refurbished)",Apple,4.5,,This iPad has been certified by our industry-leading mobile diagnostic software to be 100% fully functional. It is in good condition showing normal signs of use on the screen along with scratching and/or dings on the sides and back casing. Premium aftermarket wall charger and USB cable are included. Original packaging is NOT included.,https://i5.walmartimages.com/seo/Restored-Apple-iPad-8-8th-Generation-32GB-WiFi-10-2-Space-Gray-2020-Refurbished_a3f8ade4-0532-40c1-a9e5-d3b57577c4df.582fdb7262aa4dafc84844de5fe6fe60.png,190,USD
